"ID","Name","ยง130 StGB - Goldstandard","Result - Vanilla GPT-4o","Result - Vanilla GPT-o1","Result - Vanilla Deepseek V3","Result - Vanilla GPT OSS120b","Result - Vanilla Mistral Large","Result - Vanilla GPT5-mini","Result - CoT GPT 4o","Result - CoT GPT o1","Result - CoT Deepseek V3","Result - CoT GPT  OSS120b","Result - CoT Mistral Large","Result - CoT GPT5-mini","Result - RuleAI Deepseek V3","Result - RuleAI GPT OSS120b","Result RuleAI GPT5-mini","Result - RuleAI Mistral Large","Result - RuleAI GPT-4o","Result - RuleAI GPT-o1"
"852229","1_10117","0","n","n","n","n","n","n","n","n","n","n","n","n","N","N","N","N","N","N"
"852230","2_30194","0","n","n","n","n","n","n","n","n","n","n","n","n","N","N","N","N","N","N"
"852231","3_50078","0","n","n","n","n","n","n","n","n","n","n","n","n","N","N","N","N","N","N"
"852232","4_50121","0.5","n","y","n","y","n","y","y","y","n","y","n","y","N","N","N","N","N","N"
"852233","5_10029","0","y","y","y","y","y","y","y","y","y","y","y","y","Y","N","N","Y","Y","Y"
"852234","6_50534","0","n","n","n","n","n","n","n","n","n","n","n","n","N","N","N","N","N","N"
"852235","7_20065","1","y","y","y","y","y","y","y","y","y","y","y","y","Y","Y","N","Y","Y","Y"
"852236","8_30139","0","n","n","n","n","n","y","y","n","n","y","n","n","N","N","N","N","N","N"
"852237","9_10036","0.5","y","y","y","y","y","y","y","y","y","y","n","y","Y","N","N","Y","Y","Y"
"852238","10_30104","0","n","n","n","n","n","n","n","n","n","n","n","n","N","N","N","N","N","N"
"852239","11_20054","1","y","y","y","y","y","y","y","y","y","y","y","y","Y","Y","N","Y","Y","Y"
"852240","12_50153","0","n","n","n","n","n","n","n","n","n","n","n","n","N","N","N","N","N","N"
"852241","13_10025","0.5","y","y","y","y","y","y","y","y","y","y","y","y","Y","N","N","N","N","N"
"852242","14_50900","0","n","n","n","n","n","n","n","n","n","n","n","n","N","N","N","N","N","N"
"852243","15_50831","0","n","n","n","y","n","y","n","n","n","y","n","y","N","N","N","N","N","N"
"852244","16_50024","0","n","n","n","n","n","n","n","n","n","n","n","n","N","N","N","N","N","N"
"852245","17_30100","0","n","n","n","y","n","n","n","n","n","n","n","n","N","N","N","N","N","N"
"852246","18_20014","0","n","n","n","n","n","n","n","n","n","n","n","n","N","N","N","N","N","N"
"852247","19_50504","0","n","n","n","n","n","n","n","n","n","n","n","n","N","N","N","N","N","N"
"852248","20_50147","0.5","y","y","y","n","n","y","y","y","y","n","n","y","Y","N","N","Y","N","N"
"852249","21_30192","0","n","n","n","n","n","n","n","n","n","n","n","n","N","N","N","N","N","N"
"852250","22_10122","0","y","y","y","y","y","y","n","y","n","y","n","y","N","N","N","N","N","N"
"852251","23_50081","0","n","n","n","n","n","n","n","n","n","n","n","n","N","N","N","N","N","N"
"852252","24_50045","0","n","n","n","n","n","n","n","n","n","n","n","n","N","N","N","N","N","N"
"852253","25_30074","0","n","n","n","n","n","n","n","n","n","n","n","n","N","N","N","N","N","N"
"852254","26_10128","0","n","y","n","n","n","n","n","n","n","y","n","n","N","N","N","N","N","N"
"852255","27_50513","0","n","n","n","n","n","n","n","n","n","n","n","n","N","N","N","N","N","N"
"852256","28_50507","0","n","n","n","n","n","n","n","n","n","n","n","n","N","N","N","N","N","N"
"852257","29_30229","0","n","n","n","n","n","n","n","n","n","n","n","n","N","N","N","N","N","N"
"852258","30_50922","0","n","n","n","n","n","n","n","n","n","n","n","n","N","N","N","N","N","N"
"852259","31_30164","0","n","n","n","n","n","n","n","n","n","n","n","n","N","N","N","N","N","N"
"852260","32_50077","0","n","n","y","n","n","n","n","n","n","n","n","n","N","N","N","N","N","N"
"852261","33_60051","0.5","y","y","y","y","y","y","y","y","y","y","y","y","N","N","N","N","N","N"
"852262","34_30065","0","n","n","n","n","n","n","n","n","n","n","n","n","N","N","N","N","N","N"
"852263","35_60000","0.5","y","y","y","y","y","y","y","n","y","y","y","y","N","Y","N","Y","N","N"
"852264","36_60046","1","y","y","y","y","y","y","y","y","y","y","y","y","Y","N","Y","Y","Y","Y"
"852265","37_30131","0","n","n","n","y","n","y","n","y","n","n","n","y","N","N","N","N","N","N"
"852266","38_50004","0","y","y","y","y","n","n","n","y","y","n","n","n","Y","N","N","N","N","N"
"852267","39_50872","0","n","n","n","n","n","n","n","n","n","n","n","n","N","N","N","N","N","N"
"852268","40_50142","0","n","n","y","n","y","n","n","n","y","n","n","n","N","N","N","N","N","N"
"852269","41_30044","0","n","n","n","n","n","n","n","n","n","n","n","n","N","N","N","N","N","N"
"852270","42_50522","0","n","n","n","n","n","n","n","n","n","n","n","n","N","N","N","N","N","N"
"852271","43_30024","0","n","n","n","n","n","n","n","n","n","n","n","n","N","N","N","N","N","N"
"852272","44_20056","0","n","n","n","y","n","n","n","n","n","y","n","n","Y","N","N","N","N","N"
"852273","45_20064","0","y","y","y","y","n","y","y","y","y","y","n","y","N","N","N","N","N","N"
"852274","46_30179","0","n","n","n","n","n","n","n","n","n","n","n","n","N","N","N","N","N","N"
"852275","47_30022","0","n","n","n","n","n","n","n","n","n","n","n","n","N","N","N","N","N","N"
"852276","48_30240","0","n","n","n","n","n","n","n","n","n","n","n","n","N","N","N","N","N","N"
"852277","49_20060","0.5","y","y","y","y","y","y","y","y","y","y","n","y","N","N","N","Y","Y","Y"
"852278","50_30050","0","n","n","n","n","n","n","n","n","n","n","n","n","N","N","N","N","N","N"
"852279","51_50079","0.5","n","y","y","y","y","y","y","y","y","n","n","y","Y","N","N","N","N","N"
"852280","52_50131","0","n","n","n","n","n","n","n","n","n","n","n","n","N","N","N","N","N","N"
"852281","53_50197","0","y","n","y","n","n","n","y","n","y","n","n","n","N","N","N","N","N","N"
"852282","54_10061","0.5","y","y","y","y","y","y","y","y","y","y","y","y","Y","N","N","N","N","N"
"852283","55_10063","0","n","n","n","n","n","n","n","n","n","n","n","n","N","N","N","N","N","N"
"852284","56_50498","0","n","y","y","n","n","y","n","n","n","n","n","y","N","N","N","N","N","N"
"852285","57_10129","0","n","y","y","y","n","y","n","y","n","y","n","y","N","N","N","N","N","N"
"852286","58_10003","1","y","y","y","y","y","y","y","y","y","y","y","y","Y","Y","N","Y","Y","Y"
"852287","59_30169","0","n","n","n","n","n","n","n","n","n","n","n","n","N","N","N","N","N","N"
"852288","60_30009","0","n","n","n","n","n","n","y","n","n","n","n","n","N","N","N","N","N","N"
"852289","61_10071","0.5","y","y","y","y","y","y","y","y","y","y","n","y","Y","N","N","Y","Y","Y"
"852290","62_10095","1","y","y","y","y","y","y","y","y","y","y","y","y","Y","Y","N","Y","Y","Y"
"852291","63_30020","0","n","n","y","y","n","n","n","n","n","n","n","y","Y","N","N","N","N","N"
"852292","64_30019","0","n","n","n","y","n","y","n","y","y","y","n","y","Y","N","N","N","N","N"
"852293","65_30067","0","n","n","n","n","n","n","n","n","n","n","n","n","N","N","N","N","N","N"
"852294","66_50186","0","n","n","n","n","n","n","n","n","n","n","n","n","N","N","N","N","N","N"
"852295","67_10075","0","y","y","y","n","y","y","y","y","n","y","n","y","Y","N","N","Y","N","N"
"852296","68_30048","0","n","n","n","n","n","n","n","n","n","n","n","n","N","N","N","N","N","N"
"852297","69_30211","0","n","n","n","n","n","n","n","n","n","n","n","n","N","N","N","N","N","N"
"852298","70_30233","0","n","n","n","n","n","n","n","n","n","n","n","n","N","N","N","N","N","N"
"852299","71_20033","0","y","y","n","n","n","y","n","y","n","n","n","y","N","N","N","N","N","N"
"852300","72_50915","0","n","n","n","n","n","n","n","n","n","n","n","n","N","N","N","N","N","N"
"852301","73_20052","0.5","n","y","y","n","n","n","n","n","n","n","n","n","N","N","N","N","N","N"
"852302","74_50494","0","n","n","n","y","n","n","n","n","n","n","n","y","N","N","N","N","N","N"
"852303","75_50072","0","y","n","n","n","n","n","n","n","n","n","n","y","N","N","N","N","N","N"
"852304","76_20051","1","y","y","y","y","y","y","y","y","y","y","y","y","Y","Y","N","Y","Y","Y"
"852305","77_10119","0","n","n","n","n","n","n","n","n","n","n","n","n","N","N","N","N","N","N"
"852306","78_30223","0","n","n","n","n","n","n","n","n","n","n","n","n","N","N","N","N","N","N"
"852307","79_30166","0","n","n","n","n","n","n","n","n","n","n","n","n","N","N","N","N","N","N"
"852308","80_10091","0","y","y","y","y","y","y","y","y","y","y","n","y","Y","N","N","Y","Y","Y"
"852309","81_10004","0","y","y","y","n","y","n","y","y","y","n","n","y","Y","N","N","N","N","N"
"852310","82_50144","0","n","n","n","n","n","n","n","n","n","n","n","n","N","N","N","N","N","N"
"852311","83_10084","1","y","y","y","y","y","y","y","y","y","y","y","y","Y","Y","Y","Y","Y","Y"
"852312","84_30062","0","n","n","n","n","n","n","n","n","n","n","n","n","N","N","N","N","N","N"
"852313","85_50157","0","n","n","n","n","n","n","n","n","n","n","n","n","N","N","N","N","N","N"
"852314","86_50781","0","n","n","n","n","n","n","n","n","n","n","n","n","N","N","N","N","N","N"
"852315","87_50812","0.5","n","y","n","n","n","y","n","n","n","n","n","y","N","N","N","N","N","N"
"852316","88_50878","0","n","n","n","n","n","n","n","n","n","n","n","n","N","N","N","N","N","N"
"852317","89_50777","0","n","n","y","n","y","n","n","n","n","n","n","n","N","N","N","N","N","N"
"852318","90_50016","0","y","y","y","y","y","y","y","y","y","y","n","y","Y","N","N","N","N","Y"
"852319","91_30147","0","n","n","n","n","n","n","n","n","n","n","n","n","N","N","N","N","N","N"
"852320","92_50062","0","y","y","y","y","y","y","y","y","n","y","n","y","N","N","N","N","N","N"
"852321","93_50000","0","n","n","y","n","n","n","n","n","n","n","n","n","N","N","N","N","N","N"
"852322","94_50151","0.5","y","y","y","n","n","y","y","y","y","y","n","y","N","N","N","Y","Y","Y"
"852323","95_60049","0","y","y","y","y","y","y","y","y","y","y","y","y","Y","N","N","N","N","N"
"852324","96_30156","0","n","n","n","n","n","n","n","n","n","n","n","n","N","N","N","N","N","N"
"852325","97_50013","0.5","n","n","n","n","n","n","n","n","n","n","n","n","N","N","N","N","N","N"
"852326","98_10023","0","y","y","y","y","y","y","y","y","y","n","y","y","Y","N","N","N","N","N"
"852327","99_50044","0","y","n","y","y","y","y","y","y","y","n","n","y","N","N","N","N","N","N"
"852328","1_50841","0","n","y","n","n","n","y","n","n","n","n","n","n","N","N","N","N","N","N"
"852329","2_30025","0","n","n","n","n","n","n","n","n","n","n","n","n","N","N","N","N","N","N"
"852330","3_20048","0","y","y","y","y","y","y","y","y","y","y","y","y","Y","Y","N","N","Y","Y"
"852331","4_30046","0","n","n","n","n","n","n","n","n","n","n","n","n","N","N","N","N","N","N"
"852332","5_30095","0","n","n","n","n","n","n","n","y","n","n","n","y","N","N","N","N","N","N"
"852333","6_50780","0.5","y","y","n","y","n","y","y","y","n","y","n","y","N","N","N","N","N","N"
"852334","7_50847","0","y","y","n","n","y","y","y","n","y","n","y","y","N","N","N","N","N","N"
"852335","8_10142","0","n","n","n","n","n","n","n","n","n","n","n","y","N","N","N","N","N","N"
"852336","9_30060","0","n","n","n","n","n","n","n","n","n","n","n","n","N","N","N","N","N","N"
"852337","10_10145","1","y","y","y","y","y","y","y","y","y","y","y","y","Y","Y","N","Y","Y","Y"
"852338","11_50106","0.5","n","y","y","y","n","y","y","y","y","y","n","y","Y","Y","N","Y","Y","N"
"852339","12_50846","0","n","n","n","n","n","n","n","n","n","n","n","n","N","N","N","N","N","N"
"852340","13_30112","0","n","n","n","n","n","n","n","n","n","n","n","n","N","N","N","N","N","N"
"852341","14_50096","0","n","n","n","n","n","n","n","n","n","n","n","n","N","N","N","N","N","N"
"852342","15_50171","0","n","n","n","n","n","n","n","n","n","n","n","n","N","N","N","N","N","N"
"852343","16_50049","0.5","n","y","y","y","n","y","y","y","y","y","n","y","Y","N","N","Y","N","N"
"852344","17_50165","0","n","n","y","n","n","n","n","n","n","n","n","n","N","N","N","N","N","N"
"852345","18_50772","0","n","n","n","n","n","n","n","n","n","n","n","n","N","N","N","N","N","N"
"852346","19_50552","0","n","n","n","n","n","n","n","n","n","n","n","n","N","N","N","N","N","N"
"852347","20_30145","0","n","n","n","n","n","n","n","n","n","n","n","n","N","N","N","N","N","N"
"852348","21_30107","0","n","n","n","n","n","n","n","n","n","n","n","n","N","N","N","N","N","N"
"852349","22_10065","0","y","y","y","y","y","n","y","n","y","y","y","y","N","N","N","N","N","N"
"852350","23_50903","0","n","n","n","n","n","n","n","n","n","n","n","n","N","N","N","N","N","N"
"852351","24_60002","0.5","y","y","y","y","n","y","y","y","y","y","n","y","Y","N","N","Y","N","N"
"852352","25_50167","0","n","y","y","n","n","n","y","y","n","n","n","n","N","N","N","N","N","N"
"852353","26_50799","0.5","y","y","y","y","y","y","y","y","y","n","n","y","N","N","N","N","N","N"
"852354","27_50859","0","y","y","y","y","y","y","y","y","y","y","n","y","N","N","N","N","N","N"
"852355","28_50115","0","n","n","n","n","n","n","n","n","n","n","n","n","N","N","N","N","N","N"
"852356","29_30182","0","n","n","n","n","n","n","n","n","n","n","n","n","N","N","N","N","N","N"
"852357","30_50789","0","n","n","y","n","n","n","n","n","n","n","n","n","N","N","N","N","N","N"
"852358","31_50111","0","n","n","y","n","n","n","n","n","n","n","n","n","N","N","N","N","N","N"
"852359","32_50166","0","y","y","y","y","y","y","y","y","y","y","n","y","Y","N","N","Y","Y","Y"
"852360","33_60011","1","y","y","y","y","y","y","y","y","y","y","y","y","Y","N","N","N","Y","Y"
"852361","34_20079","0.5","y","y","y","y","y","y","y","y","y","y","n","y","Y","N","N","N","N","Y"
"852362","35_60069","1","y","y","y","y","y","y","y","y","y","y","y","y","Y","N","N","Y","Y","Y"
"852363","36_20028","1","y","y","y","y","y","y","y","y","y","y","y","y","Y","Y","N","Y","Y","Y"
"852364","37_60044","1","y","y","y","y","y","y","y","y","y","y","y","y","Y","Y","N","Y","Y","Y"
"852365","38_60041","0.5","n","n","y","n","n","n","y","y","n","y","n","y","N","N","N","N","N","N"
"852366","39_60034","1","y","y","y","y","y","y","y","y","y","y","y","y","Y","Y","N","Y","Y","Y"
"852367","40_50813","0","n","n","y","y","y","y","n","n","y","n","n","n","Y","N","N","N","N","N"
"852368","41_50561","0","n","n","n","n","n","n","n","n","n","n","n","n","N","N","N","N","N","N"
"852369","42_30230","0","n","n","n","n","n","n","n","n","n","n","n","n","N","N","N","N","N","N"
"852370","43_50810","0.5","n","n","n","n","n","n","n","n","n","n","n","n","N","N","N","N","N","N"
"852371","44_30132","0","n","n","n","n","n","n","n","n","n","n","n","n","N","N","N","N","N","N"
"852372","45_30056","0.5","n","n","n","n","n","n","n","n","n","n","n","n","N","N","N","N","N","N"
"852373","46_50158","0.5","n","y","y","n","n","y","n","y","y","y","n","y","N","N","N","N","N","N"
"852374","47_50160","0","y","y","y","n","n","y","y","y","y","n","n","y","Y","N","N","Y","Y","N"
"852375","48_30221","0","n","n","n","n","n","n","n","n","n","n","n","n","N","N","N","N","N","N"
"852376","49_60061","0","y","y","y","y","y","y","y","y","y","y","y","y","N","N","N","N","N","N"
"852377","50_30128","0","n","n","n","n","n","n","n","n","n","n","n","n","N","N","N","N","N","N"
"852378","51_30133","0","n","n","n","n","n","n","n","n","n","n","n","n","N","N","N","N","N","N"
"852379","52_50797","0","n","n","n","n","n","n","n","n","n","n","n","n","N","N","N","N","N","N"
"852380","53_50150","0","n","n","y","n","n","n","n","n","n","n","n","n","N","N","N","N","N","N"
"852381","54_30248","0","n","n","n","n","n","n","n","n","n","n","n","n","N","N","N","N","N","N"
"852382","55_10102","1","y","y","y","y","y","y","y","y","y","y","y","y","Y","N","N","Y","Y","Y"
"852383","56_50837","0","n","n","n","n","n","n","n","n","n","n","n","n","N","N","N","N","N","N"
"852384","57_50093","0","n","n","n","n","n","n","n","n","n","n","n","n","N","N","N","N","N","N"
"852385","58_30188","0","n","n","n","n","n","n","n","n","n","n","n","n","N","N","N","N","N","N"
"852386","59_30038","0","n","n","n","n","n","n","n","n","n","n","n","n","N","N","N","N","N","N"
"852387","60_30043","0","n","n","n","n","n","n","n","n","n","n","n","n","N","N","N","N","N","N"
"852388","61_50492","0","n","n","n","n","n","n","n","n","n","n","n","n","N","N","N","N","N","N"
"852389","62_50194","0","n","y","y","n","n","y","n","y","n","n","n","n","N","N","N","N","N","N"
"852390","63_30077","0","n","n","n","y","n","n","n","n","n","n","n","n","N","N","N","N","N","N"
"852391","64_50185","0","n","n","n","n","n","n","n","n","n","n","n","n","N","N","N","N","N","N"
"852392","65_60030","0.5","y","y","y","n","y","n","y","y","n","n","n","y","N","N","N","N","N","N"
"852393","66_10056","0","y","y","y","n","y","y","y","y","y","n","n","y","N","N","N","N","N","N"
"852394","67_50909","0","n","n","n","n","n","n","n","n","n","n","n","n","N","N","N","N","N","N"
"852395","68_50779","0","n","n","n","n","n","n","n","n","n","n","n","n","N","N","N","N","N","N"
"852396","69_10047","0","y","y","y","y","y","y","y","y","y","n","y","y","Y","N","N","N","N","N"
"852397","70_30040","0","n","n","n","n","n","n","n","n","n","n","n","n","N","N","N","N","N","N"
"852398","71_30034","0","n","n","n","n","n","n","n","n","n","n","n","n","N","N","N","N","N","N"
"852399","72_20009","0","n","n","y","n","n","n","n","n","n","n","n","n","N","N","N","N","N","N"
"852400","73_50509","0","n","n","n","n","n","n","n","n","n","n","n","n","N","N","N","N","N","N"
"852401","74_50039","0","n","n","n","n","n","n","n","n","n","n","n","n","N","N","N","N","N","N"
"852402","75_30115","0","n","n","n","n","n","n","n","n","n","n","n","n","N","N","N","N","N","N"
"852403","76_50099","0","y","y","y","y","y","n","y","n","y","n","n","y","Y","N","N","N","N","N"
"852404","77_10079","0","y","y","y","y","y","y","y","y","y","y","y","y","Y","N","N","N","N","N"
"852405","78_10057","0","y","y","y","y","y","y","y","n","y","n","n","y","Y","N","N","N","N","N"
"852406","79_50026","0","n","n","y","n","n","y","n","n","n","n","n","y","N","N","N","N","N","N"
"852407","80_50853","0","n","n","n","n","n","n","y","n","n","n","n","n","N","N","N","N","N","N"
"852408","81_50528","0","n","n","n","n","n","n","n","n","n","n","n","n","N","N","N","N","N","N"
"852409","82_50018","1","n","y","y","y","n","y","n","y","n","y","n","y","Y","Y","N","Y","N","N"
"852410","83_10156","0","y","y","n","y","n","y","y","y","n","y","n","y","N","N","N","N","N","N"
"852411","84_20039","0","y","y","y","y","y","y","y","y","y","y","n","y","N","N","N","N","N","N"
"852412","85_10140","0","n","n","n","n","n","y","n","y","n","n","n","y","N","N","N","N","N","N"
"852413","86_50008","0","n","n","y","n","y","n","n","n","n","n","y","n","N","N","N","N","N","N"
"852414","87_10037","1","y","y","y","y","y","y","y","y","y","y","y","y","Y","Y","N","Y","Y","Y"
"852415","88_30170","0","n","n","n","n","n","n","n","n","n","n","n","n","N","N","N","N","N","N"
"852416","89_30082","0","n","n","n","n","n","n","n","n","n","n","n","n","N","N","N","N","N","N"
"852417","90_30068","0","n","y","n","y","n","y","n","y","n","y","n","y","N","N","N","N","N","N"
"852418","91_50154","0","n","n","n","y","n","y","n","n","n","y","n","y","N","N","N","N","N","N"
"852419","92_60020","0","n","n","n","n","n","n","n","n","n","n","n","n","N","N","N","N","N","N"
"852420","93_50816","0","n","n","n","n","n","n","n","n","n","n","n","n","N","N","N","N","N","N"
"852421","94_10139","0","n","n","n","n","n","n","n","n","n","n","n","n","N","N","N","N","N","N"
"852422","95_50828","0","n","n","n","n","n","n","n","n","n","n","n","n","N","N","N","N","N","N"
"852423","96_30105","0","n","n","n","n","n","n","n","n","n","n","n","n","N","N","N","N","N","N"
"852424","97_50067","0.5","n","y","n","n","n","n","n","n","n","n","n","y","N","N","N","N","N","N"
"852425","98_10113","0","y","y","y","y","y","y","y","y","y","y","n","y","Y","N","N","N","Y","Y"
"852426","99_50015","1","y","y","y","y","y","y","y","y","y","y","y","y","Y","N","N","Y","N","N"
"852427","100_50867","0","n","n","n","n","n","n","n","n","n","n","n","n","N","N","N","N","N","N"
"852428","101_60067","0.5","y","y","y","y","y","y","y","y","y","y","n","y","Y","N","N","Y","Y","Y"
"852429","102_20057","0.5","y","y","y","y","y","y","y","y","y","y","y","y","Y","Y","N","Y","Y","Y"
"852430","103_50022","0.5","y","y","y","y","n","y","y","y","n","y","n","y","Y","N","N","Y","Y","Y"
"852431","104_50496","0.5","n","y","n","y","y","y","n","n","n","y","n","y","Y","N","N","Y","N","N"
"852432","105_50114","0","n","n","n","n","n","n","n","n","n","n","n","n","N","N","N","N","N","N"
"852433","106_30216","0","n","n","n","n","n","n","n","n","n","n","n","n","N","N","N","N","N","N"
"852434","107_30219","0","n","n","n","n","n","n","n","n","n","n","n","n","N","N","N","N","N","N"
"852435","108_30165","0","n","n","n","n","n","n","n","n","n","n","n","n","N","N","N","N","N","N"
"852436","109_30138","0","n","n","n","n","n","n","n","n","n","n","n","n","N","N","N","N","N","N"
"852437","110_30196","0","n","n","n","n","n","n","n","n","n","n","n","n","N","N","N","N","N","N"
"852438","111_50063","0.5","y","y","y","n","n","n","y","y","n","n","n","n","N","N","N","N","N","N"
"852439","112_30213","0","n","n","n","n","n","n","n","n","n","n","n","n","N","N","N","N","N","N"
"852440","113_50536","0","n","n","n","n","n","n","n","n","n","n","n","n","N","N","N","N","N","N"
"852441","114_30002","0","n","n","n","n","n","n","n","n","n","n","n","n","N","N","N","N","N","N"
"852442","115_30160","0","n","n","n","n","n","n","n","n","n","n","n","n","N","N","N","N","N","N"
"852443","116_20087","0","n","n","n","n","n","n","n","n","n","n","n","n","N","N","N","N","N","N"
"852444","117_60050","0","y","y","y","y","n","y","y","y","y","y","n","y","N","N","N","N","N","N"
"852445","118_20015","0.5","y","y","y","y","y","y","y","y","y","y","y","y","Y","N","N","Y","Y","Y"
"852446","119_30047","0","n","n","n","n","n","n","n","y","n","n","n","y","N","N","N","N","N","N"
"852447","120_60043","0.5","n","y","y","y","y","y","y","y","y","y","y","y","Y","N","N","Y","Y","Y"
"852448","121_50095","0","n","n","n","n","n","n","n","n","n","n","n","n","N","N","N","N","N","N"
"852449","122_60008","0.5","y","y","y","y","y","y","y","y","y","y","y","y","N","N","N","N","N","N"
"852450","123_20077","1","y","y","y","y","y","y","y","y","y","y","n","y","Y","N","N","Y","Y","Y"
"852451","124_30018","0","n","n","n","n","n","n","n","n","n","n","n","n","N","N","N","N","N","N"
"852452","125_50014","0","n","n","n","n","n","n","n","n","n","n","n","n","N","N","N","N","N","N"
"852453","126_30073","0","n","n","n","n","n","n","n","n","n","n","n","n","N","N","N","N","N","N"
"852454","127_30076","0","n","n","n","n","n","n","n","n","n","n","n","n","N","N","N","N","N","N"
"852455","128_30186","0","n","n","n","n","n","n","n","n","n","n","n","n","N","N","N","N","N","N"
"852456","129_10101","0.5","y","y","y","y","y","y","y","y","y","y","y","y","Y","N","N","Y","N","Y"
"852457","130_50169","0","n","n","n","n","n","n","n","n","n","n","n","n","N","N","N","N","N","N"
"852458","131_30010","0","n","n","n","n","n","n","n","n","n","n","n","n","N","N","N","N","N","N"
"852459","132_60014","0","n","n","n","n","n","n","n","n","n","n","n","n","N","N","N","N","N","N"
"852460","133_50021","0","n","n","y","n","n","n","n","n","n","n","n","n","N","N","N","N","N","N"
"852461","134_50033","0","n","n","n","n","n","n","n","n","n","n","n","n","N","N","N","N","N","N"
"852462","135_50538","0","n","n","n","n","n","n","n","n","n","n","n","n","N","N","N","N","N","N"
"852463","136_30235","0","n","n","n","n","n","n","n","n","n","n","n","n","N","N","N","N","N","N"
"852464","137_20024","0","y","y","y","y","y","y","y","y","y","y","y","y","Y","N","N","N","N","N"
"852465","138_30032","0","n","n","n","n","n","n","n","n","n","n","n","n","N","N","N","N","N","N"
"852466","139_10035","0","y","y","y","y","n","y","y","n","y","y","n","n","Y","N","N","N","N","N"
"852467","140_50917","0","n","n","n","n","n","n","n","n","n","n","n","n","N","N","N","N","N","N"
"852468","141_60066","0.5","y","y","y","y","y","y","y","y","y","y","y","y","N","N","N","Y","Y","Y"
"852469","142_30178","0","n","n","n","n","n","n","n","n","n","n","n","n","N","N","N","N","N","N"
"852470","143_10154","0","y","y","y","y","y","y","y","y","y","n","y","y","Y","N","N","N","N","N"
"852471","144_50809","0","n","n","n","n","n","n","n","n","n","n","n","n","N","N","N","N","N","N"
"852472","145_50085","0","n","n","y","n","n","n","n","n","n","n","n","n","N","N","N","N","N","N"
"852473","146_50806","0","y","y","y","y","n","y","y","y","n","y","y","y","Y","N","N","N","N","N"
"852474","147_50043","0","y","y","y","y","y","y","y","y","y","y","n","y","Y","N","N","N","N","N"
"852475","148_50821","0","n","n","n","n","n","n","n","n","n","n","n","n","N","N","N","N","N","N"
"852476","149_50910","0","n","n","n","n","n","n","n","n","n","n","n","n","N","N","N","N","N","N"
"852477","150_50523","0","n","n","n","n","n","n","n","n","n","n","n","n","N","N","N","N","N","N"
"852478","151_10078","0","y","y","y","y","y","y","y","y","y","n","y","y","Y","N","N","N","N","N"
"852479","152_50172","0","n","n","n","n","n","n","n","n","n","n","n","n","N","N","N","N","N","N"
"852480","153_10151","0","n","y","y","y","y","y","y","n","y","y","n","y","Y","N","N","N","N","N"
"852481","154_10008","0.5","y","y","y","y","y","y","y","y","y","y","n","y","Y","Y","Y","Y","Y","Y"
"852482","155_60074","0.5","y","y","y","y","y","y","y","y","y","y","y","y","Y","N","N","Y","Y","Y"
"852483","156_30036","0","n","n","n","n","n","n","n","n","n","n","n","n","N","N","N","N","N","N"
"852484","157_10096","0.5","y","y","y","y","y","y","y","y","y","y","y","y","N","N","N","N","N","N"
"852485","158_50822","0","n","n","n","n","n","n","n","n","n","n","n","n","N","N","N","N","N","N"
"852486","159_10136","0","n","n","n","y","y","y","n","n","n","y","n","y","N","N","N","N","N","N"
"852487","160_60019","0","n","n","n","y","n","n","y","n","n","y","n","y","N","Y","N","N","N","N"
"852488","161_50873","0","n","n","n","n","n","n","n","n","n","n","n","n","N","N","N","N","N","N"
"852489","162_20034","0.5","y","y","y","y","y","y","y","y","y","y","y","y","Y","Y","Y","Y","Y","Y"
"852490","163_30238","0","n","n","n","n","n","n","n","n","n","n","n","n","N","N","N","N","N","N"
"852491","164_30037","0","n","n","n","n","n","n","n","n","n","n","n","n","N","N","N","N","N","N"
"852492","165_10051","0","n","n","y","y","n","n","n","n","n","y","n","n","N","N","N","N","N","N"
"852493","166_10112","0","n","y","y","y","y","n","y","y","y","y","n","y","N","N","N","N","N","N"
"852494","167_50838","0","n","n","n","n","n","n","n","n","n","n","n","n","N","N","N","N","N","N"
"852495","168_20035","0.5","y","y","y","y","y","y","y","y","y","y","n","y","Y","Y","N","Y","N","Y"
"852496","169_50091","0","n","n","n","n","n","n","n","n","n","n","n","n","N","N","N","N","N","N"
"852497","170_10021","0","n","n","y","y","n","y","y","n","y","n","n","y","N","N","N","N","N","N"
"852498","171_30059","0","n","n","n","n","n","n","n","n","n","n","n","n","N","N","N","N","N","N"
"852499","172_30030","0","n","n","n","n","n","n","n","n","n","n","n","n","N","N","N","N","N","N"
"852500","173_50051","0.5","n","n","y","n","n","n","n","n","n","n","n","n","N","N","N","N","N","N"
"852501","174_50525","0","n","n","n","n","n","n","n","n","n","n","n","n","N","N","N","N","N","N"
"852502","175_50040","0","n","n","n","n","n","y","y","n","n","n","n","y","N","N","N","N","N","N"
"852503","176_50087","0","n","n","y","n","y","n","n","n","n","n","n","n","N","N","N","N","N","N"
"852504","177_30202","0","n","n","n","n","n","n","n","n","n","n","n","n","N","N","N","N","N","N"
"852505","178_10131","0","n","y","y","n","y","y","y","n","y","y","n","y","Y","N","N","N","N","N"
"852506","179_30173","0","n","n","n","n","n","n","n","n","n","n","n","n","N","N","N","N","N","N"
"852507","180_10013","1","y","y","y","y","y","y","y","y","y","y","y","y","Y","N","N","Y","Y","Y"
"852508","181_30205","0","n","n","n","n","n","n","n","n","n","n","n","n","N","N","N","N","N","N"
"852509","182_50798","1","n","y","y","y","y","y","y","y","n","y","n","y","N","N","N","N","N","N"
"852510","183_10144","0","y","y","y","y","y","y","y","y","y","y","y","y","N","N","N","N","N","N"
"852511","184_30099","0","n","n","n","n","n","n","n","n","n","n","n","n","N","N","N","N","N","N"
"852512","185_50071","0","n","n","n","n","n","n","n","n","n","n","n","n","N","N","N","N","N","N"
"852513","186_10058","0","y","n","y","y","y","y","y","y","y","n","n","y","Y","N","N","N","N","N"
"852514","187_50100","0","n","n","y","n","n","n","n","n","n","n","n","n","N","N","N","N","N","N"
"852515","188_50901","0","n","n","n","n","n","n","n","n","n","n","n","n","N","N","N","N","N","N"
"852516","189_50003","0","n","n","n","n","n","n","n","n","n","n","n","n","N","N","N","N","N","N"
"852517","190_60027","0.5","y","y","y","y","y","y","y","y","y","y","y","y","Y","N","N","Y","Y","Y"
"852518","191_60009","0","y","y","y","y","y","y","y","y","y","y","y","y","Y","N","N","Y","N","N"
"852519","192_60032","0","y","y","y","n","y","y","y","y","y","y","y","y","Y","N","N","N","N","Y"
"852520","193_10033","0","n","n","y","n","y","y","y","n","y","n","n","n","N","N","N","N","N","N"
"852521","194_60055","1","y","y","y","y","y","y","y","y","y","n","y","y","Y","N","N","Y","Y","Y"
"852522","195_30200","0","n","n","n","n","n","n","n","n","n","n","n","n","N","N","N","N","N","N"
"852523","196_50766","0","n","n","n","n","n","n","n","n","n","n","n","n","N","N","N","N","N","N"
"852524","197_20059","0","n","y","y","y","n","n","y","y","y","n","n","y","N","N","N","N","N","N"
"852525","198_20017","0.5","y","y","y","y","y","y","y","y","y","y","y","y","N","Y","N","Y","N","N"
"852526","199_50839","0","y","y","y","y","y","y","y","y","y","y","n","y","Y","N","N","N","N","N"
"852527","200_50050","0","n","y","y","y","n","y","n","y","y","y","n","y","Y","Y","N","N","N","N"
"852528","201_30243","0","n","n","n","n","n","n","n","n","n","n","n","n","N","N","N","N","N","N"
"852529","202_50916","0","n","n","n","n","n","n","n","n","n","n","n","n","N","N","N","N","N","N"
"852530","203_50031","0","n","n","n","n","n","n","n","n","n","n","n","n","N","N","N","N","N","N"
"852531","204_10052","0","n","n","y","y","y","n","n","y","n","y","n","y","N","N","N","N","N","N"
"852532","205_30149","0","n","n","n","n","n","n","n","n","n","n","n","n","N","N","N","N","N","N"
"852533","206_50002","0","n","n","n","n","n","n","n","n","n","n","n","n","N","N","N","N","N","N"
"852534","207_50767","0","n","n","n","n","n","n","n","n","n","n","n","n","N","N","N","N","N","N"
"852535","208_30117","0","n","n","n","n","n","n","n","n","n","n","n","n","N","N","N","N","N","N"
"852536","209_10152","0","n","n","y","n","n","n","n","n","y","y","n","n","N","N","N","N","N","N"
"852537","210_50176","0.5","y","y","y","y","y","y","y","n","y","n","y","y","N","N","N","N","N","N"
"852538","211_50497","0","n","n","n","n","n","n","n","n","n","n","n","n","N","N","N","N","N","N"
"852539","212_50163","0","n","n","n","n","n","y","n","n","n","n","n","y","N","N","N","N","N","N"
"852540","213_50175","0","n","n","n","n","n","n","n","n","n","n","n","n","N","N","N","N","N","N"
"852541","214_50188","0","y","y","n","y","n","y","y","y","y","y","n","y","Y","N","N","N","N","N"
"852542","215_60023","0","y","y","n","n","n","y","y","y","n","n","n","y","N","N","N","N","N","N"
"852543","216_30228","0","n","n","n","n","n","n","n","n","n","n","n","n","N","N","N","N","N","N"
"852544","217_50848","0","n","n","n","y","n","n","n","n","n","n","n","n","N","N","N","N","N","N"
"852545","218_50489","0","n","n","n","n","n","n","n","n","n","n","n","n","N","N","N","N","N","N"
"852546","219_50129","0","n","y","n","n","n","n","n","n","n","n","n","n","N","N","N","N","N","N"
"852547","220_50495","0","n","n","n","n","n","n","n","n","n","n","n","n","N","N","N","N","N","N"
"852548","221_30155","0","n","n","n","n","n","n","n","n","n","n","n","n","N","N","N","N","N","N"
"852549","222_50101","0","y","n","y","y","y","n","y","n","y","n","n","n","N","N","N","N","N","N"
"852550","223_50134","0","n","n","n","n","n","n","n","n","n","n","n","n","N","N","N","N","N","N"
"852551","224_30180","0","n","n","n","n","n","n","n","n","n","n","n","n","N","N","N","N","N","N"
"852552","225_30097","0","n","n","n","n","n","n","n","n","n","n","n","n","N","N","N","N","N","N"
"852553","226_30244","0","n","n","n","n","n","n","n","n","n","y","n","n","N","N","N","N","N","N"
"852554","227_50768","0","n","n","n","y","n","n","n","n","n","n","n","n","N","N","N","N","N","N"
"852555","228_30023","0","n","n","n","n","n","n","n","n","n","y","n","n","N","N","N","N","N","N"
"852556","229_30029","0","n","n","n","n","n","n","n","n","n","n","n","n","N","N","N","N","N","N"
"852557","230_30220","0","n","n","n","n","n","n","n","n","n","n","n","n","N","N","N","N","N","N"
"852558","231_20040","1","y","y","y","y","y","y","y","y","y","y","y","y","Y","N","N","Y","Y","Y"
"852559","232_50794","0","y","y","y","y","y","y","y","y","y","n","n","n","Y","N","N","Y","N","N"
"852560","233_50920","0","n","n","n","n","n","n","n","n","n","n","n","n","N","N","N","N","N","N"
"852561","234_30144","0","n","n","n","n","n","n","n","n","n","n","n","n","N","N","N","N","N","N"
"852562","235_30109","0.5","n","n","n","n","n","n","n","n","n","n","n","n","N","N","N","N","N","N"
"852563","236_10141","0","n","n","n","y","n","n","n","y","n","n","n","y","N","N","N","N","N","N"
"852564","237_30185","0","n","n","n","n","n","n","n","n","n","n","n","n","N","N","N","N","N","N"
"852565","238_20046","0.5","n","y","n","n","n","y","y","y","n","n","n","y","N","N","N","N","N","N"
"852566","239_10107","0","n","n","n","n","n","n","n","n","n","n","n","n","N","N","N","N","N","N"
"852567","240_50879","0","n","y","y","y","n","y","n","y","n","n","n","n","N","N","N","N","N","N"
"852568","241_10039","0.5","y","y","y","y","y","y","y","y","y","y","y","y","Y","Y","Y","Y","Y","Y"
"852569","242_60017","0","n","y","y","n","y","y","n","y","n","y","n","y","Y","N","N","N","N","N"
"852570","243_50035","0","n","n","n","n","n","n","n","n","n","n","n","n","N","N","N","N","N","N"
"852571","244_50059","0","n","n","n","n","n","n","n","n","n","n","n","n","N","N","N","N","N","N"
"852572","245_50514","0","n","n","n","n","n","n","n","n","n","n","n","n","N","N","N","N","N","N"
"852573","246_10132","0","y","y","y","y","y","y","y","y","y","y","n","y","Y","N","N","N","N","N"
"852574","247_50146","0.5","y","y","n","y","n","y","y","y","n","y","y","y","Y","Y","Y","Y","N","N"
"852575","248_10049","0","y","n","y","n","y","n","y","n","y","n","y","y","N","N","N","N","N","N"
"852576","249_10134","1","n","y","y","n","n","n","y","y","y","y","n","y","N","N","N","N","N","N"
"852577","250_50769","0","n","n","n","n","n","n","n","n","n","n","n","n","N","N","N","N","N","N"
"852578","251_30136","0","n","n","n","n","n","n","n","n","n","n","n","n","N","N","N","N","N","N"
"852579","252_50505","0","n","n","n","n","n","n","n","n","n","n","n","n","N","N","N","N","N","N"
"852580","253_30141","0","n","n","n","n","n","n","n","n","n","n","n","n","N","N","N","N","N","N"
"852581","254_50854","0.5","n","n","n","y","n","y","n","y","n","y","n","y","N","N","N","N","N","N"
"852582","255_20080","0.5","y","y","y","y","y","y","y","y","y","y","y","y","Y","Y","N","Y","Y","Y"
"852583","256_30167","0","n","n","n","n","n","n","n","n","n","n","n","n","N","N","N","N","N","N"
"852584","257_30197","0","n","n","n","n","n","n","n","n","n","n","n","n","N","N","N","N","N","N"
"852585","258_50770","0","n","n","n","n","n","n","n","n","n","n","n","n","N","N","N","N","N","N"
"852586","259_30203","0","n","n","n","n","n","n","n","n","n","n","n","n","N","N","N","N","N","N"
"852587","260_50786","0","n","n","n","n","n","n","n","n","n","n","n","n","N","N","N","N","N","N"
"852588","261_50098","0","n","n","n","n","n","n","n","n","n","n","n","y","N","N","N","N","N","N"
"852589","262_60035","0.5","y","n","y","n","y","n","y","n","y","n","y","n","N","N","N","N","N","N"
"852590","263_20063","1","y","y","y","y","y","y","y","y","y","y","y","y","Y","N","N","Y","Y","Y"
"852591","264_30191","0","n","n","n","n","n","n","n","n","n","n","n","n","N","N","N","N","N","N"
"852592","265_50557","0","n","n","n","n","n","n","n","n","n","n","n","n","N","N","N","N","N","N"
"852593","266_20025","1","y","y","y","y","y","y","y","y","y","y","y","y","Y","N","N","Y","N","Y"
"852594","267_50875","0","n","n","n","n","n","n","n","n","n","n","n","n","N","N","N","N","N","N"
"852595","268_20012","1","y","y","y","y","y","y","y","y","y","y","y","y","Y","Y","Y","Y","Y","Y"
"852596","269_50537","0","n","n","n","n","n","n","n","n","n","n","n","n","N","N","N","N","N","N"
"852597","270_30119","0","n","n","n","n","n","n","n","n","n","n","n","n","N","N","N","N","N","N"
"852598","271_50029","0","n","n","n","n","n","n","n","n","n","n","n","n","N","N","N","N","N","N"
"852599","272_20036","0.5","y","y","y","y","y","y","y","y","y","y","y","y","N","N","N","N","N","N"
"852600","273_10030","0.5","y","y","y","y","y","y","y","y","y","y","y","y","Y","Y","N","Y","Y","Y"
"852601","274_60012","0.5","y","n","y","y","y","n","y","n","y","n","n","n","N","N","N","N","N","N"
"852602","275_50503","0","n","n","n","n","n","n","n","n","n","n","n","n","N","N","N","N","N","N"
"852603","276_30079","0","n","n","n","n","n","n","n","n","n","n","n","n","N","N","N","N","N","N"
"852604","277_50488","0","n","n","n","n","n","n","n","n","n","n","n","n","N","N","N","N","N","N"
"852605","278_50861","0","n","n","n","n","n","n","n","n","n","n","n","y","N","N","N","N","N","N"
"852606","279_50047","0","y","y","y","y","n","y","y","y","y","y","n","n","N","N","N","N","N","N"
"852607","280_30142","0","n","n","n","n","n","n","n","n","n","n","n","n","N","N","N","N","N","N"
"852608","281_50926","0","n","n","n","n","n","n","n","n","n","n","n","n","N","N","N","N","N","N"
"852609","282_60048","0","y","y","y","y","y","y","y","y","y","y","y","y","Y","N","N","N","N","N"
"852610","283_50562","0","n","n","n","n","n","n","n","n","n","n","n","n","N","N","N","N","N","N"
"852611","284_30232","0","n","n","n","n","n","n","n","n","n","n","n","n","N","N","N","N","N","N"
"852612","285_50511","0","n","n","n","n","n","n","n","n","n","n","n","n","N","N","N","N","N","N"
"852613","286_10103","0.5","y","y","y","y","y","y","y","y","y","n","y","y","Y","Y","N","Y","Y","Y"
"852614","287_50156","1","n","y","y","y","n","y","y","y","y","y","n","y","Y","Y","N","Y","N","N"
"852615","288_10005","0","y","y","y","n","y","y","y","y","y","n","n","y","N","N","N","N","N","N"
"852616","289_30005","0","n","n","n","n","n","n","n","n","n","n","n","n","N","N","N","N","N","N"
"852617","290_50117","0","n","n","n","n","n","n","n","n","n","n","n","n","N","N","N","N","N","N"
"852618","291_10006","0","y","y","y","y","y","y","y","n","y","n","n","y","N","N","N","N","N","N"
"852619","292_50541","0","n","n","n","n","n","n","n","n","n","n","n","n","N","N","N","N","N","N"
"852620","293_10070","0.5","y","y","y","y","y","y","y","y","y","y","n","y","Y","Y","N","Y","Y","Y"
"852621","294_50058","0.5","y","y","y","y","y","y","y","y","y","y","n","y","Y","N","N","Y","Y","Y"
"852622","295_50500","0","n","n","n","n","n","n","n","n","n","n","n","n","N","N","N","N","N","N"
"852623","296_50089","0","y","y","n","y","n","n","y","y","n","n","n","n","N","N","N","N","N","N"
"852624","297_10108","0","n","y","y","y","y","y","y","y","y","y","n","y","N","N","N","N","N","N"
"852625","298_30171","0","n","n","n","n","n","n","n","n","n","n","n","n","N","N","N","N","N","N"
"852626","299_50487","0","n","n","n","n","n","n","n","n","n","n","n","n","N","N","N","N","N","N"
"852627","300_10018","0","y","y","y","y","y","y","y","y","y","y","y","y","Y","Y","N","N","Y","Y"
"852628","301_20011","0","y","y","y","y","y","y","y","y","y","y","y","y","N","N","N","N","N","N"
"852629","302_50110","0","n","n","n","n","n","n","n","n","n","n","n","n","N","N","N","N","N","N"
"852630","303_20047","0","y","y","y","y","y","y","y","n","y","y","n","y","N","N","N","N","N","N"
"852631","304_20008","0.5","y","y","n","y","n","y","y","y","y","y","n","y","N","N","N","N","N","N"
"852632","305_20043","0.5","y","y","y","y","y","y","y","y","y","y","y","y","Y","Y","N","Y","Y","Y"
"852633","306_10050","0","n","n","y","y","y","y","y","y","y","n","n","y","Y","N","N","N","N","N"
"852634","307_50862","0","n","n","n","n","n","n","n","n","n","n","n","n","N","N","N","N","N","N"
"852635","308_50020","0","n","n","n","n","n","n","n","n","n","n","n","n","N","N","N","N","N","N"
"852636","309_50556","0","n","n","y","n","n","n","n","n","n","n","n","n","N","N","N","N","N","N"
"852637","310_50517","0","n","n","n","n","n","n","n","n","n","n","n","n","N","N","N","N","N","N"
"852638","311_50835","0","n","n","n","n","n","n","n","n","n","n","n","n","N","N","N","N","N","N"
"852639","312_50796","0","n","y","y","y","n","y","n","y","y","y","n","y","Y","Y","N","N","N","N"
"852640","313_50125","0","n","n","y","y","n","n","n","n","n","y","n","n","N","N","N","N","N","N"
"852641","314_60063","0","y","y","n","y","y","y","y","y","n","y","y","y","N","Y","N","N","N","N"
"852642","315_50152","0","n","n","n","n","n","n","n","n","n","n","n","n","N","N","N","N","N","N"
"852643","316_10148","0.5","y","y","y","y","y","y","y","y","y","y","y","y","Y","N","N","Y","N","N"
"852644","317_30246","0","n","n","n","n","n","n","n","n","n","n","n","n","N","N","N","N","N","N"
"852645","318_30028","0","n","n","n","n","n","n","n","n","n","n","n","n","N","N","N","N","N","N"
"852646","319_10055","0","y","y","y","y","y","y","y","y","n","n","n","y","N","N","N","N","N","N"
"852647","320_50795","0","n","n","n","n","n","n","n","n","n","n","n","n","N","N","N","N","N","N"
"852648","321_50249","0","n","n","n","y","n","y","y","n","n","y","n","n","N","N","N","N","N","N"
"852649","322_50565","0","n","n","n","n","n","n","n","n","n","n","n","n","N","N","N","N","N","N"
"852650","323_50192","0.5","y","y","y","y","n","y","y","y","n","y","n","y","Y","Y","N","Y","Y","Y"
"852651","324_50526","0","n","n","n","n","n","n","n","n","n","n","n","n","N","N","N","N","N","N"
"852652","325_10147","1","y","y","y","y","y","y","y","y","y","y","y","y","Y","N","N","Y","Y","Y"
"852653","326_50823","0","n","n","n","n","n","n","n","n","n","n","n","n","N","N","N","N","N","N"
"852654","327_30000","0","n","n","n","n","n","n","n","n","n","n","n","n","N","N","N","N","N","N"
"852655","328_20076","1","y","y","y","y","y","y","y","y","y","y","y","y","Y","N","N","Y","Y","Y"
"852656","329_10048","0","y","y","y","n","n","y","y","y","n","y","n","y","Y","N","N","N","N","N"
"852657","330_60018","0.5","n","y","y","y","n","y","y","y","y","y","n","y","Y","N","N","N","Y","N"
"852658","331_10022","0","n","y","y","y","y","y","y","y","y","n","n","y","Y","N","N","N","N","N"
"852659","332_30027","0","n","n","n","n","n","n","n","n","n","n","n","n","N","N","N","N","N","N"
"852660","333_20037","0","y","y","y","y","y","y","y","y","y","y","y","y","N","N","N","N","N","N"
"852661","334_10088","1","y","y","y","y","y","y","y","y","y","y","y","y","Y","N","Y","Y","Y","Y"
"852662","335_20085","0","y","y","y","n","y","y","y","y","y","n","n","y","N","N","N","N","N","N"
"852663","336_50124","0","n","n","n","n","n","n","n","n","n","n","n","n","N","N","N","N","N","N"
"852664","337_50123","0.5","y","y","n","y","n","y","n","n","n","n","n","n","Y","N","N","N","N","N"
"852665","338_50804","0","n","n","n","n","n","n","n","n","n","n","n","n","N","N","N","N","N","N"
"852666","339_50560","0","n","n","n","n","n","n","n","n","n","y","n","n","N","N","N","N","N","N"
"852667","340_50170","0.5","y","y","y","n","n","n","y","y","n","n","n","n","Y","N","Y","N","N","N"
"852668","341_50834","0","n","n","n","n","n","n","n","n","n","n","n","n","N","N","N","N","N","N"
"852669","342_50180","0","n","n","n","n","n","n","n","n","n","n","n","n","N","N","N","N","N","N"
"852670","343_60075","1","y","y","y","y","y","y","y","y","y","y","y","y","Y","N","N","Y","Y","Y"
"852671","344_10074","0.5","y","y","y","y","y","y","y","y","y","y","n","y","Y","N","N","Y","Y","Y"
"852672","345_50501","0","n","n","n","n","n","n","n","n","n","n","n","n","N","N","N","N","N","N"
"852673","346_10011","1","y","y","y","y","y","y","y","y","y","y","y","y","Y","Y","Y","Y","Y","Y"
"852674","347_50908","0","n","n","n","n","n","n","n","n","n","n","n","n","N","N","N","N","N","N"
"852675","348_50092","0","n","n","n","n","n","n","n","n","n","n","n","n","N","N","N","N","N","N"
"852676","349_20022","0","y","y","y","y","y","y","y","y","y","y","y","y","N","N","N","N","N","N"
"852677","350_50005","0","n","n","n","n","n","n","n","n","n","y","n","n","N","Y","N","N","N","N"
"852678","351_30195","0","n","n","n","n","n","n","n","n","n","n","n","n","N","N","N","N","N","N"
"852679","352_30218","0","n","n","n","n","n","n","n","n","n","n","n","n","N","N","N","N","N","N"
"852680","353_50056","0.5","n","y","y","n","n","y","y","y","n","y","y","y","Y","N","N","N","Y","Y"
"852681","354_50849","0","n","n","n","n","n","n","n","n","n","n","n","n","N","N","N","N","N","N"
"852682","355_50820","0.5","y","y","y","y","y","y","y","y","y","y","n","y","Y","N","N","N","N","N"
"852683","356_30075","0","n","n","n","n","n","n","n","n","n","n","n","n","N","N","N","N","N","N"
"852684","357_50118","0","n","n","n","n","n","n","n","n","n","n","n","n","N","N","N","N","N","N"
"852685","358_10053","0","y","y","y","y","y","y","y","y","y","n","y","y","Y","N","N","N","N","N"
"852686","359_60056","0","y","y","y","y","y","y","y","y","y","y","y","y","N","N","N","N","N","N"
"852687","360_10110","0","n","n","n","n","n","n","n","n","n","n","n","n","N","N","N","N","N","N"
"852688","361_30072","0","n","n","n","n","n","n","n","n","n","n","n","n","N","N","N","N","N","N"
"852689","362_60040","0.5","y","y","y","y","y","n","y","y","y","y","y","y","N","N","N","N","N","N"
"852690","363_50030","0","n","n","y","n","n","n","n","n","n","n","n","n","N","N","N","N","N","N"
"852691","364_30175","0","n","n","n","n","n","n","n","n","n","n","n","n","N","N","N","N","N","N"
"852692","365_30176","0","n","n","n","n","n","n","n","n","n","n","n","n","N","N","N","N","N","N"
"852693","366_10124","0","y","y","y","y","n","y","y","y","y","n","n","y","Y","N","N","Y","N","Y"
"852694","367_50009","0","n","n","y","n","n","n","n","n","n","n","n","n","N","N","N","N","N","N"
"852695","368_20005","0.5","n","y","y","n","y","n","y","n","n","n","n","n","N","N","N","N","N","N"
"852696","369_30042","0","n","n","n","n","n","n","n","n","n","n","n","n","N","N","N","N","N","N"
"852697","370_50159","0","n","n","n","n","n","n","n","n","n","n","n","n","N","N","N","N","N","N"
"852698","371_30234","0","n","n","n","n","n","n","n","n","n","n","n","n","N","N","N","N","N","N"
"852699","372_60007","0","n","n","n","n","n","n","n","n","n","n","n","n","N","N","N","N","N","N"
"852700","373_10040","0","y","y","y","y","y","y","y","y","y","y","n","y","Y","Y","N","N","Y","Y"
"852701","374_10125","0","n","n","n","n","n","n","n","n","n","y","n","y","N","N","N","N","N","N"
"852702","375_50155","1","y","y","y","y","y","y","y","y","y","y","n","y","Y","Y","N","N","Y","Y"
"852703","376_50533","0","n","n","n","n","n","n","n","n","n","n","n","n","N","N","N","N","N","N"
"852704","377_30003","0","n","n","n","n","n","n","n","n","n","n","n","n","N","N","N","N","N","N"
"852705","378_10026","0","n","y","y","n","n","n","y","y","n","n","y","n","N","N","N","N","N","N"
"852706","379_50850","0","n","n","n","n","n","n","n","n","n","n","n","n","N","N","N","N","N","N"
"852707","380_30113","0","n","n","n","n","n","n","n","n","n","n","n","n","N","N","N","N","N","N"
"852708","381_50088","0","n","n","n","n","n","n","n","n","n","n","n","n","N","N","N","N","N","N"
"852709","382_30184","0","n","n","n","n","n","n","n","n","n","n","n","n","N","N","N","N","N","N"
"852710","383_50011","0","n","n","n","n","n","n","n","n","n","n","n","n","N","N","N","N","N","N"
"852711","384_10042","0","y","y","y","y","y","y","y","y","y","y","n","y","Y","N","N","N","N","N"
"852712","385_30231","0","n","n","n","n","n","n","n","n","n","n","n","n","N","N","N","N","N","N"
"852713","386_10010","0.5","y","y","y","y","y","y","y","y","y","y","y","y","Y","N","Y","Y","Y","Y"
"852714","387_10001","1","y","y","y","y","y","y","y","y","y","y","n","y","Y","Y","N","Y","Y","Y"
"852715","388_50187","0","n","n","n","n","n","n","n","n","n","n","n","n","N","N","N","N","N","N"
"852716","389_20019","1","y","y","y","y","y","y","y","y","y","n","y","y","Y","N","N","Y","N","N"
"852717","390_50149","0","n","y","y","n","n","n","n","y","n","n","n","y","N","N","N","N","N","N"
"852718","391_20023","0.5","y","y","y","n","y","y","y","y","y","n","y","y","Y","N","N","Y","N","N"
"852719","392_30061","0","n","n","n","n","n","n","n","n","n","n","n","n","N","N","N","N","N","N"
"852720","393_20070","1","y","y","y","y","y","y","y","y","y","y","y","y","Y","N","Y","Y","Y","Y"
"852721","394_30045","0","n","n","n","n","n","n","n","n","n","n","n","n","N","N","N","N","N","N"
"852722","395_30111","0","n","n","n","n","n","y","n","n","n","n","n","y","N","N","N","N","N","N"
"852723","396_30049","0","n","n","n","n","n","n","n","n","n","n","n","n","N","N","N","N","N","N"
"852724","397_50145","0","n","n","n","n","n","n","n","n","n","n","n","n","N","N","N","N","N","N"
"852725","398_30242","0","n","n","n","n","n","n","n","n","n","n","n","n","N","N","N","N","N","N"
"852726","399_10116","0","n","n","n","n","n","n","n","n","n","n","n","n","N","N","N","N","N","N"
"852727","400_20078","1","y","y","y","y","y","y","y","y","y","y","n","y","Y","Y","N","Y","Y","Y"
"852728","401_50801","0","n","n","n","n","n","y","n","n","n","n","n","n","N","N","N","N","N","N"
"852729","402_20084","0.5","y","y","y","y","n","y","y","y","n","y","n","y","Y","N","N","N","N","N"
"852730","403_50855","0","n","n","n","n","n","n","n","n","n","n","n","n","N","N","N","N","N","N"
"852731","404_10043","0","n","n","n","n","y","y","n","y","n","n","n","y","N","N","N","N","N","N"
"852732","405_50815","0","n","n","n","n","n","n","n","n","n","n","n","n","N","N","N","N","N","N"
"852733","406_30198","0","n","n","n","n","n","n","n","n","n","n","n","n","N","N","N","N","N","N"
"852734","407_60076","0","y","y","y","y","y","y","y","y","y","y","y","y","N","Y","N","N","N","N"
"852735","408_20020","0.5","y","y","y","y","y","y","y","y","y","y","n","y","Y","N","N","Y","Y","Y"
"852736","409_50857","0","n","n","n","n","n","n","n","n","n","n","n","n","N","N","N","N","N","N"
"852737","410_50499","0","n","n","n","n","n","n","n","n","n","n","n","n","N","N","N","N","N","N"
"852738","411_50126","0","n","y","y","n","n","y","n","n","n","n","n","n","N","N","N","N","N","N"
"852739","412_30114","0","n","n","n","n","n","n","n","n","n","n","n","n","N","N","N","N","N","N"
"852740","413_10031","1","y","y","y","y","y","y","y","y","y","y","y","y","Y","Y","N","Y","Y","N"
"852741","414_50549","0","n","n","n","n","n","n","n","n","n","n","n","n","N","N","N","N","N","N"
"852742","415_30078","0","n","n","n","n","n","n","n","n","n","n","n","n","N","N","N","N","N","N"
"852743","416_60021","0","n","n","n","n","n","n","n","y","y","n","n","n","N","N","N","N","N","N"
"852744","417_50531","0","n","n","n","n","n","n","n","n","n","n","n","n","N","N","N","N","N","N"
"852745","418_50034","0","n","n","n","n","n","n","n","n","n","n","n","n","N","N","N","N","N","N"
"852746","419_20069","0","y","y","y","n","y","n","y","y","y","n","n","n","Y","N","N","N","N","N"
"852747","420_50516","0","n","n","n","n","n","n","n","n","n","n","n","n","N","N","N","N","N","N"
"852748","421_50141","0.5","y","y","y","y","y","y","y","y","y","y","n","y","Y","Y","N","Y","Y","Y"
"852749","422_20001","0","y","y","y","y","y","y","y","y","y","y","n","y","N","N","N","N","N","N"
"852750","423_50907","0","n","n","n","n","n","n","n","n","n","n","n","n","N","N","N","N","N","N"
"852751","424_30134","0","n","n","n","n","n","n","n","n","n","n","n","n","N","N","N","N","N","N"
"852752","425_10032","0.5","y","y","y","y","y","y","y","y","y","y","n","y","Y","N","N","Y","Y","Y"
"852753","426_30116","0","n","n","n","n","n","n","n","n","n","n","n","n","N","N","N","N","N","N"
"852754","427_30070","0","n","n","n","n","n","n","n","n","n","n","n","n","N","N","N","N","N","N"
"852755","428_30122","0","n","n","n","n","n","n","n","n","n","n","n","n","N","N","N","N","N","N"
"852756","429_30189","0","n","n","n","n","n","n","n","n","n","n","n","n","N","N","N","N","N","N"
"852757","430_10099","0","n","y","y","n","y","y","n","n","n","y","n","y","N","N","N","N","N","N"
"852758","431_30222","0","n","n","n","n","n","n","n","y","n","n","n","n","N","N","N","N","N","N"
"852759","432_30125","0","n","n","n","n","n","n","n","n","n","n","n","n","N","N","N","N","N","N"
"852760","433_50133","0","n","n","y","n","n","n","n","n","n","n","n","n","N","N","N","N","N","N"
"852761","434_50836","0","n","y","n","y","n","y","n","y","n","y","n","y","N","N","N","N","N","N"
"852762","435_50805","0","n","n","n","n","n","n","n","n","n","n","n","n","N","N","N","N","N","N"
"852763","436_50195","0","n","y","n","y","n","y","n","n","n","y","n","y","N","N","N","N","N","N"
"852764","437_50082","0","n","n","n","n","n","n","n","n","n","n","n","n","N","N","N","N","N","N"
"852765","438_20058","0","n","n","y","n","y","n","y","y","y","n","n","y","N","N","N","N","N","N"
"852766","439_50906","0","n","n","n","n","n","n","n","n","n","n","n","n","N","N","N","N","N","N"
"852767","440_30124","0","n","n","n","n","n","n","n","n","n","n","n","n","N","N","N","N","N","N"
"852768","441_60062","0","n","n","n","n","n","n","n","n","n","n","y","n","N","N","N","N","N","N"
"852769","442_30066","0","n","n","n","n","n","n","n","n","n","n","n","n","N","N","N","N","N","N"
"852770","443_60065","0.5","n","y","y","y","n","y","y","y","y","n","n","y","N","N","N","N","N","N"
"852771","444_30236","0","n","n","n","n","n","n","n","n","n","n","n","n","N","N","N","N","N","N"
"852772","445_30123","0","n","n","n","n","n","n","n","n","n","n","n","n","N","N","N","N","N","N"
"852773","446_10027","0.5","y","y","y","y","y","y","y","y","y","y","y","y","Y","N","N","Y","N","Y"
"852774","447_10077","0","n","n","y","n","n","n","n","y","y","n","n","y","N","N","N","N","N","N"
"852775","448_50164","0","n","n","n","n","n","n","n","n","n","n","n","n","N","N","N","N","N","N"
"852776","449_10090","1","y","y","y","y","y","y","y","y","y","y","y","y","Y","Y","N","Y","Y","Y"
"852777","450_50065","1","y","y","y","y","y","y","y","y","y","y","y","y","Y","N","N","Y","Y","Y"
"852778","451_50520","0","n","n","n","n","n","n","n","n","n","n","n","n","N","N","N","N","N","N"
"852779","452_50536","0","n","n","n","n","n","n","n","n","n","n","n","n","N","N","N","N","N","N"
"852780","453_50007","0","n","n","n","n","n","n","n","n","n","n","n","n","N","N","N","N","N","N"
"852781","454_30033","0","n","n","n","n","n","n","n","n","n","n","n","n","N","N","N","N","N","N"
"852782","455_50851","0","n","y","n","n","n","y","n","n","n","n","n","y","N","N","N","N","N","N"
"852783","456_50858","0","n","n","n","n","n","n","n","n","n","n","n","n","N","N","N","N","N","N"
"852784","457_60039","0","n","n","y","n","y","y","y","n","y","n","n","n","N","N","N","N","N","N"
"852785","458_50148","0","y","y","y","y","y","y","y","y","y","y","n","y","N","N","N","N","N","N"
"852786","459_60078","0","y","y","y","y","y","y","y","y","y","y","y","y","N","N","N","N","N","N"
"852787","460_60015","0.5","n","y","y","y","n","y","y","y","n","y","n","y","Y","N","N","N","N","N"
"852788","461_30083","0","n","n","n","n","n","n","n","n","n","n","n","n","N","N","N","N","N","N"
"852789","462_50107","0","y","n","y","n","y","n","n","n","n","n","n","y","N","N","N","N","N","N"
"852790","463_10092","0","n","y","y","y","y","y","y","y","y","n","n","y","Y","N","N","N","N","N"
"852791","464_50068","0","n","n","y","n","n","n","n","n","n","n","n","y","N","N","N","N","N","N"
"852792","465_50774","0","n","n","n","n","n","n","n","n","n","n","n","n","N","N","N","N","N","N"
"852793","466_60072","0","n","n","y","n","n","n","y","n","n","n","n","y","N","N","N","N","N","N"
"852794","467_30058","0","n","n","n","n","n","n","n","n","n","n","n","n","N","N","N","N","N","N"
"852795","468_30172","0","n","n","n","n","n","n","n","n","n","n","n","n","N","N","N","N","N","N"
"852796","469_20016","0","y","y","y","y","y","y","y","y","y","y","y","y","N","N","N","N","N","N"
"852797","470_30081","0","n","n","n","n","n","n","n","n","n","n","n","n","N","N","N","N","N","N"
"852798","471_50790","0","n","n","n","n","n","n","n","n","n","n","n","n","N","N","N","N","N","N"
"852799","472_60001","0.5","y","y","y","y","y","y","y","y","y","y","y","y","Y","N","N","Y","N","N"
"852800","473_10093","0","y","y","y","y","y","y","y","y","y","y","y","y","Y","Y","N","Y","Y","Y"
"852801","474_50913","0","n","n","n","n","n","n","n","n","n","n","n","n","N","N","N","N","N","N"
"852802","475_10045","0","y","y","y","y","y","y","y","n","y","n","y","y","N","N","N","N","N","N"
"852803","476_50564","0","n","n","n","n","n","n","n","n","n","n","n","n","N","N","N","N","N","N"
"852804","477_50108","0","n","y","y","n","n","n","n","n","n","n","n","n","N","N","Y","N","N","N"
"852805","478_50094","0.5","n","y","y","y","n","y","n","y","n","y","n","y","Y","N","N","N","N","N"
"852806","479_50508","0","n","n","n","n","n","n","n","n","n","n","n","n","N","N","N","N","N","N"
"852807","480_30193","0","n","n","n","n","n","n","n","n","n","n","n","n","N","N","N","N","N","N"
"852808","481_30130","0","n","n","n","n","n","n","n","n","n","n","n","n","N","N","N","N","N","N"
"852809","482_50181","0","y","y","y","n","y","y","y","n","y","n","y","n","Y","N","N","N","N","N"
"852810","483_30241","0","n","n","n","n","n","n","n","n","n","n","n","n","N","N","N","N","N","N"
"852811","484_30239","0","n","n","n","n","n","n","n","n","n","n","n","n","N","N","N","N","N","N"
"852812","485_20026","1","y","y","y","y","y","y","y","y","y","y","n","y","Y","N","N","Y","Y","Y"
"852813","486_50776","0","n","n","n","n","n","n","n","n","n","n","n","n","N","N","N","N","N","N"
"852814","487_50506","0","n","n","n","n","n","n","n","n","n","n","n","n","N","N","N","N","N","N"
"852815","488_10155","0.5","y","y","y","y","y","y","y","y","y","y","y","y","Y","N","N","Y","Y","Y"
"852816","489_30080","0","n","n","n","n","n","n","n","n","n","n","n","n","N","N","N","N","N","N"
"852817","490_10034","0.5","y","y","y","y","y","y","y","y","y","y","y","y","Y","Y","N","N","Y","N"
"852818","491_50019","0","n","n","y","n","n","n","n","n","n","n","n","n","N","N","N","N","N","N"
"852819","492_10020","1","n","y","y","y","n","y","y","y","y","y","n","y","Y","N","N","Y","Y","Y"
"852820","493_50109","0","n","n","n","n","n","n","n","n","n","n","n","n","N","N","N","N","N","N"
"852821","494_10098","1","y","y","y","y","y","y","y","y","y","y","n","y","Y","N","N","Y","Y","Y"
"852822","495_30190","0","n","n","n","n","n","n","n","n","n","n","n","n","N","N","N","N","N","N"
"852823","496_50060","0","n","n","n","n","n","n","n","n","n","n","n","n","N","N","N","N","N","N"
"852824","497_50876","0","n","n","n","y","n","y","n","n","n","n","n","y","N","N","N","N","N","N"
"852825","498_50184","0","n","n","n","n","n","n","n","n","n","n","n","n","N","N","N","N","N","N"
"852826","499_50519","0","n","n","n","n","n","n","n","n","n","n","n","n","N","N","N","N","N","N"
"852827","500_60010","0.5","y","y","y","y","n","y","y","y","y","n","n","y","N","N","N","Y","N","N"
"852828","501_50866","0","n","n","n","n","n","n","n","n","n","n","n","n","N","N","N","N","N","N"
"852829","502_10076","0","y","y","y","n","y","y","y","y","y","y","n","y","Y","N","N","N","N","Y"
"852830","503_50527","0","n","n","n","n","n","n","n","n","n","n","n","n","N","N","N","N","N","N"
"852831","504_50515","0","n","n","n","n","n","n","n","n","n","n","n","n","N","N","N","N","N","N"
"852832","505_60025","0","n","n","y","n","n","n","n","n","n","n","n","n","N","N","N","N","N","N"
"852833","506_50143","0","n","n","n","n","n","n","n","n","n","n","n","n","N","N","N","N","N","N"
"852834","507_50773","0","n","y","n","n","n","y","n","y","n","y","n","y","N","N","N","N","N","N"
"852835","508_10149","0.5","y","y","y","y","y","y","y","y","y","y","y","y","Y","N","N","Y","Y","Y"
"852836","509_50808","0","n","n","y","n","n","n","y","n","n","n","n","y","N","N","N","N","N","N"
"852837","510_30091","0","n","n","y","n","n","n","n","n","n","y","n","n","N","N","Y","N","N","N"
"852838","511_30055","0","n","n","n","n","n","n","n","n","n","n","n","n","N","N","N","N","N","N"
"852839","512_60068","0.5","y","y","y","y","y","y","y","y","y","y","y","y","Y","Y","Y","Y","Y","Y"
"852840","513_30088","0","n","n","n","n","n","n","n","n","n","n","n","n","N","N","N","N","N","N"
"852841","514_10017","0.5","y","y","y","y","y","y","y","y","y","y","y","y","Y","Y","Y","Y","Y","Y"
"852842","515_50793","0","n","n","n","n","n","n","n","n","n","n","n","n","N","N","N","N","N","N"
"852843","516_10127","0","n","n","n","n","n","n","n","n","n","n","n","n","Y","N","Y","N","Y","Y"
"852844","517_30153","0","n","n","n","n","n","n","n","n","n","n","n","n","N","N","N","N","N","N"
"852845","518_60003","1","n","y","y","y","n","y","y","y","n","y","n","y","Y","N","N","N","N","N"
"852846","519_50524","0","n","n","n","n","n","n","n","n","n","n","n","n","N","N","N","N","N","N"
"852847","520_30135","0","n","n","n","n","n","n","n","n","n","n","n","n","N","N","N","N","N","N"
"852848","521_50783","0","n","n","n","n","n","n","n","n","n","n","n","n","N","N","N","N","N","N"
"852849","522_30063","0","n","n","n","y","n","n","n","n","n","n","n","n","N","N","N","N","N","N"
"852850","523_10014","1","y","y","y","y","y","y","y","y","n","n","n","y","N","N","N","N","N","N"
"852851","524_50807","0","y","y","n","y","y","y","y","y","n","y","n","y","Y","N","Y","N","N","N"
"852852","525_60005","0","y","n","y","y","y","n","y","n","y","n","y","y","N","N","N","N","N","N"
"852853","526_60024","0.5","y","n","n","n","n","y","y","y","n","y","n","y","N","N","N","N","N","N"
"852854","527_50179","0","n","n","n","n","n","n","n","n","n","n","n","n","N","N","N","N","N","N"
"852855","528_30004","0","n","n","n","n","n","n","n","n","n","n","n","n","N","N","N","N","N","N"
"852856","529_50919","0","n","n","n","n","n","n","n","n","n","n","n","n","N","N","N","N","N","N"
"852857","530_60073","0.5","y","y","y","y","y","y","y","y","y","y","n","y","Y","N","N","N","Y","Y"
"852858","531_60045","0.5","y","y","y","y","y","y","y","y","y","y","n","y","Y","N","N","Y","Y","Y"
"852859","532_50918","0","n","n","n","n","n","n","n","n","n","n","n","n","N","N","N","N","N","N"
"852860","533_50825","0","n","n","n","n","n","n","n","n","n","n","n","n","N","N","N","N","N","N"
"852861","534_30146","0","n","n","n","n","n","n","n","n","n","n","n","n","N","N","N","N","N","N"
"852862","535_60047","0","n","n","y","n","n","n","n","n","n","n","n","n","N","N","N","N","N","N"
"852863","536_50032","0","n","y","n","n","n","y","n","y","n","y","n","y","N","Y","N","N","N","N"
"852864","537_30206","0","n","n","n","n","n","n","n","n","n","n","n","n","N","N","N","N","N","N"
"852865","538_10080","0","y","y","y","y","y","y","y","y","y","n","y","y","N","N","N","N","N","N"
"852866","539_50555","0","n","n","n","n","n","n","n","n","n","n","n","n","N","N","N","N","N","N"
"852867","540_50923","0","n","n","n","n","n","n","n","n","n","n","n","n","N","N","N","N","N","N"
"852868","541_50135","0","n","n","n","n","n","n","n","n","n","n","n","n","N","N","N","N","N","N"
"852869","542_50826","0.5","n","y","n","y","n","n","n","y","n","y","n","n","N","Y","N","Y","N","N"
"852870","543_60004","0","y","n","y","y","y","n","y","n","y","n","n","y","N","N","N","N","N","N"
"852871","544_30161","0","n","n","n","n","n","n","n","n","n","n","n","n","N","N","N","N","N","N"
"852872","545_30110","0","n","n","n","n","n","n","n","n","n","n","n","n","N","N","N","N","N","N"
"852873","546_50845","0","n","n","n","n","n","n","n","n","n","n","n","n","N","N","N","N","N","N"
"852874","547_50833","0","n","y","n","n","n","y","n","n","n","y","n","y","N","N","N","N","N","N"
"852875","548_20031","0","n","n","n","n","n","n","n","n","n","n","n","n","N","N","N","N","N","N"
"852876","549_20075","0","y","y","y","y","y","y","y","y","y","y","n","y","N","N","N","N","N","N"
"852877","550_10067","0","n","n","n","y","y","n","y","n","n","n","n","n","N","N","N","N","N","N"
"852878","551_50174","0","n","n","n","n","n","n","n","n","n","n","n","n","N","N","N","N","N","N"
"852879","552_20003","0.5","y","y","n","y","y","y","y","y","y","y","n","y","N","N","N","Y","N","N"
"852880","553_30158","0","n","n","n","n","n","n","n","n","n","n","n","n","N","N","N","N","N","N"
"852881","554_10153","0","n","y","y","n","y","y","y","n","n","y","y","y","N","N","N","N","N","N"
"852882","555_10118","0","y","y","y","y","y","y","y","y","y","n","y","y","Y","N","N","N","Y","N"
"852883","556_20071","0","y","y","y","y","y","y","y","y","y","y","y","y","N","N","N","N","N","N"
"852884","557_30017","0","n","n","n","n","n","n","n","n","n","n","n","n","N","N","N","N","N","N"
"852885","558_50832","0","n","n","n","n","n","n","n","n","n","n","n","n","N","N","N","N","N","N"
"852886","559_50183","0","n","n","n","n","n","n","n","n","n","n","n","n","N","N","N","N","N","N"
"852887","560_30092","0","n","n","n","n","n","n","n","n","n","n","n","n","N","N","N","N","N","N"
"852888","561_50028","0","n","n","y","n","y","n","y","n","n","n","n","n","N","N","N","N","N","N"
"852889","562_30215","0","n","n","n","n","n","n","n","n","n","n","n","n","N","N","N","N","N","N"
"852890","563_30168","0","n","n","n","n","n","n","n","n","n","n","n","n","N","N","N","N","N","N"
"852891","564_30026","0","n","n","n","n","n","n","n","n","n","n","n","n","N","N","N","N","N","N"
"852892","565_30152","0","n","n","n","n","n","n","n","n","n","n","n","n","N","N","N","N","N","N"
"852893","566_20027","0.5","y","y","y","y","y","n","y","y","y","n","y","n","N","N","N","N","N","N"
"852894","567_50113","0","n","n","y","n","y","n","n","n","y","n","n","n","N","N","N","N","N","N"
"852895","568_50127","0","n","n","y","n","n","n","n","n","n","n","n","n","N","N","N","N","N","N"
"852896","569_50105","0","y","n","n","n","n","n","y","n","n","n","n","n","N","N","N","N","N","N"
"852897","570_30187","0","n","n","n","n","n","n","n","n","n","n","n","n","N","N","N","N","N","N"
"852898","571_60053","0","y","y","y","y","y","y","y","y","y","y","y","y","Y","N","N","N","Y","Y"
"852899","572_30227","0","n","n","n","n","n","n","n","n","n","n","n","n","N","N","N","N","N","N"
"852900","573_50863","0","n","n","n","n","n","y","n","n","n","y","n","n","N","N","N","N","N","N"
"852901","574_50843","0","n","n","n","n","n","n","n","n","n","n","n","n","N","N","N","N","N","N"
"852902","575_50874","0","n","y","y","y","n","n","n","n","n","n","n","n","N","N","N","N","N","N"
"852903","576_50119","0","n","y","n","n","n","y","n","n","n","n","n","y","Y","N","N","N","N","N"
"852904","577_50856","0","n","n","n","n","n","n","n","n","n","n","n","n","N","N","N","N","N","N"
"852905","578_20068","0","y","y","y","y","n","y","y","y","y","y","n","y","Y","N","N","Y","Y","N"
"852906","579_10028","0","y","y","y","y","y","y","y","y","y","y","n","y","Y","N","N","N","N","N"
"852907","580_50102","0","n","n","y","n","n","n","n","n","n","n","n","n","N","N","N","N","N","N"
"852908","581_50829","0","n","n","n","n","n","n","n","n","n","n","n","n","N","N","N","N","N","N"
"852909","582_50924","0","n","n","n","n","n","n","n","n","n","n","n","n","N","N","N","N","N","N"
"852910","583_10123","0","n","y","y","n","n","n","y","y","n","n","n","n","N","N","N","N","N","N"
"852911","584_60038","0.5","y","y","y","n","y","y","y","n","y","n","y","y","N","N","N","N","N","N"
"852912","585_10068","1","y","y","y","y","y","y","y","y","y","y","y","y","Y","Y","N","Y","Y","Y"
"852913","586_30041","0","n","n","n","n","n","n","n","n","n","n","n","n","N","N","N","N","N","N"
"852914","587_50054","0","n","n","n","n","n","n","n","n","n","n","n","n","N","N","N","N","N","N"
"852915","588_20072","0","y","n","y","y","y","n","y","n","y","n","y","n","N","N","N","N","N","N"
"852916","589_10121","0","y","y","y","y","n","y","y","y","y","n","n","y","Y","N","N","N","N","N"
"852917","590_10146","1","y","y","y","y","y","y","y","y","y","y","y","y","Y","Y","N","Y","Y","Y"
"852918","591_50012","0","n","y","y","y","y","y","n","y","n","n","n","y","Y","N","N","N","N","N"
"852919","592_30226","0","n","n","n","n","n","n","n","n","n","n","n","n","N","N","N","N","N","N"
"852920","593_50539","0","n","n","n","n","n","n","n","n","n","n","n","n","N","N","N","N","N","N"
"852921","594_50083","0.5","n","y","y","y","n","y","n","y","n","y","y","y","N","N","N","Y","N","N"
"852922","595_30085","0","n","n","n","n","n","n","n","n","n","n","n","n","N","N","N","N","N","N"
"852923","596_50023","0.5","n","y","y","y","y","y","y","y","y","y","n","y","Y","N","N","N","N","N"
"852924","597_10038","0.5","y","y","y","y","y","y","y","y","y","y","y","y","Y","Y","N","Y","Y","Y"
"852925","598_50840","0","n","y","n","y","n","y","n","y","n","y","n","y","N","N","N","N","N","N"
"852926","599_50530","0","n","n","n","n","n","n","n","n","n","n","n","n","N","N","N","N","N","N"
"852927","600_50559","0","n","n","n","n","n","n","n","n","n","n","n","n","N","N","N","N","N","N"
"852928","601_50190","0.5","y","y","y","y","y","y","y","y","y","y","n","y","Y","N","N","Y","N","N"
"852929","602_50827","0","n","n","n","n","n","n","n","n","n","n","n","n","N","N","N","N","N","N"
"852930","603_20062","0.5","y","y","y","y","y","y","y","y","y","y","y","y","Y","N","N","Y","Y","Y"
"852931","604_30051","0","n","n","n","n","n","n","n","n","n","n","n","n","N","N","N","N","N","N"
"852932","605_30208","0","n","n","n","n","n","n","n","n","n","n","n","n","N","N","N","N","N","N"
"852933","606_50136","0","n","n","n","n","n","n","n","n","n","n","n","n","N","N","N","N","N","N"
"852934","607_30245","0","n","n","n","n","n","n","n","n","n","n","n","n","N","N","N","N","N","N"
"852935","608_60058","0","n","n","n","n","n","n","n","n","n","n","n","n","N","N","N","N","N","N"
"852936","609_30015","0","n","n","n","n","n","n","n","n","n","n","n","n","N","N","N","N","N","N"
"852937","610_10089","1","n","y","y","y","y","y","y","y","y","y","n","y","Y","Y","N","Y","Y","Y"
"852938","611_30086","0","n","n","n","n","n","n","n","n","n","n","n","n","N","N","N","N","N","N"
"852939","612_50902","0","n","n","n","n","n","n","n","n","n","n","n","n","N","N","N","N","N","N"
"852940","613_30071","0","n","n","n","n","n","n","n","n","n","n","n","n","N","N","N","N","N","N"
"852941","614_20042","0","y","y","y","y","y","y","y","y","y","y","y","y","Y","N","N","N","Y","N"
"852942","615_50548","0","n","n","n","n","n","n","n","n","n","n","n","n","N","N","N","N","N","N"
"852943","616_50090","0","n","n","n","n","n","n","n","n","n","n","n","n","N","N","N","N","N","N"
"852944","617_30103","0","n","n","n","n","n","n","n","n","n","n","n","n","N","N","N","N","N","N"
"852945","618_50137","0.5","y","y","n","y","y","y","y","y","n","y","n","y","Y","Y","N","Y","Y","Y"
"852946","619_50927","0","n","n","n","n","n","n","n","n","n","n","n","n","N","N","N","N","N","N"
"852947","620_20013","0.5","y","y","y","y","y","n","y","y","y","y","y","y","Y","N","N","N","N","N"
"852948","621_50189","0","n","n","n","n","n","n","n","n","n","n","n","n","N","N","N","N","N","N"
"852949","622_50502","0","n","n","n","n","n","n","n","n","n","n","n","n","N","N","N","N","N","N"
"852950","623_50138","0","n","n","y","n","n","n","n","n","n","n","n","n","N","N","N","N","N","N"
"852951","624_10120","0","y","y","y","n","y","y","y","y","y","n","y","n","N","N","N","N","N","N"
"852952","625_20010","0","y","y","n","y","n","y","y","y","y","y","y","n","N","N","N","N","N","N"
"852953","626_30069","0","n","n","n","n","n","n","n","n","n","n","n","n","N","N","N","N","N","N"
"852954","627_50064","0.5","n","n","y","n","y","n","n","n","y","n","n","y","Y","N","N","N","N","N"
"852955","628_50104","0","n","n","y","n","n","n","n","n","n","n","n","n","N","N","N","N","N","N"
"852956","629_30204","0","n","n","n","n","n","n","n","n","n","n","n","n","N","N","N","N","N","N"
"852957","630_50073","0","n","n","y","n","y","n","n","n","y","n","n","y","N","N","N","N","N","N"
"852958","631_10059","0","y","n","y","n","y","n","y","y","y","y","n","y","N","N","N","N","N","N"
"852959","632_30181","0","n","n","n","n","n","n","n","n","n","n","n","n","N","N","N","N","N","N"
"852960","633_60037","0","n","n","n","y","n","n","n","n","n","y","n","y","N","N","N","N","N","N"
"852961","634_50193","1","y","y","y","y","n","y","y","y","y","y","n","y","Y","N","N","Y","Y","Y"
"852962","635_50055","0","n","n","n","n","n","n","n","n","n","n","n","y","N","N","N","N","N","N"
"852963","636_50542","0","n","n","y","n","n","n","n","n","n","n","n","n","N","N","N","N","N","N"
"852964","637_20007","0","n","y","n","n","n","n","y","n","n","n","n","n","N","N","N","N","N","N"
"852965","638_50177","0","n","n","n","n","n","n","y","n","n","n","n","y","N","N","N","N","N","N"
"852966","639_20067","0","y","y","y","y","n","y","y","y","n","y","n","y","N","N","N","Y","N","N"
"852967","640_50784","0","n","n","n","n","n","n","n","n","n","n","n","n","N","N","N","N","N","N"
"852968","641_20045","1","y","y","y","y","y","y","y","y","y","y","n","y","Y","N","Y","Y","Y","Y"
"852969","642_60079","0.5","y","y","y","y","y","y","y","y","y","y","n","y","Y","N","N","N","Y","Y"
"852970","643_50543","0","n","n","n","n","n","n","n","n","n","n","n","n","N","N","N","N","N","N"
"852971","644_30212","0","n","n","n","n","n","n","n","n","n","n","n","n","N","N","N","N","N","N"
"852972","645_30207","0","n","n","n","n","n","n","n","n","n","n","n","n","N","N","N","N","N","N"
"852973","646_30150","0","n","n","n","n","n","n","n","n","n","n","n","n","N","N","N","N","N","N"
"852974","647_50771","0","n","n","n","n","n","n","n","n","n","n","n","n","N","N","N","N","N","N"
"852975","648_50899","0","n","n","n","n","n","n","n","n","n","n","n","n","N","N","N","N","N","N"
"852976","649_50076","0","n","n","n","n","n","n","n","n","n","n","n","n","N","N","N","N","N","N"
"852977","650_30106","0","n","n","n","n","n","y","n","n","n","n","n","y","N","N","N","N","N","N"
"852978","651_60026","0","y","y","n","n","n","y","y","y","n","y","n","y","N","N","N","N","N","N"
"852979","652_50870","0.5","n","n","n","n","n","n","n","n","n","y","n","n","N","N","N","N","N","N"
"852980","653_30098","0","n","n","n","n","n","n","n","n","n","n","n","n","N","N","N","N","N","N"
"852981","654_50518","0","n","n","n","n","n","n","n","n","n","n","n","n","N","N","N","N","N","N"
"852982","655_50558","0","n","n","n","n","n","n","n","n","n","n","n","n","N","N","N","N","N","N"
"852983","656_30143","0","n","n","n","n","n","n","n","n","n","n","n","n","N","N","N","N","N","N"
"852984","657_50818","0","n","n","n","y","n","n","n","n","n","n","n","n","N","N","N","N","N","N"
"852985","658_50006","0","n","n","n","n","n","n","n","n","n","n","n","n","N","N","N","N","N","N"
"852986","659_10072","0.5","y","y","y","y","y","y","y","y","y","y","n","y","Y","Y","N","Y","Y","Y"
"852987","660_20074","0","y","n","y","n","y","y","y","n","y","n","n","y","N","N","N","N","N","N"
"852988","661_50025","0","n","n","n","y","n","y","n","n","n","n","n","y","N","N","N","N","N","N"
"852989","662_30064","0","n","n","n","n","n","n","n","n","n","n","n","n","N","N","N","N","N","N"
"852990","663_50130","0","n","n","n","n","n","n","n","n","n","n","n","n","N","N","N","N","N","N"
"852991","664_20061","0","y","y","y","y","y","y","y","y","y","y","y","y","N","N","N","N","N","N"
"852992","665_10138","0","n","n","n","n","n","n","n","n","n","n","n","y","N","N","N","N","N","N"
"852993","666_10135","0","n","n","n","n","n","y","n","n","n","n","n","y","N","N","N","N","N","N"
"852994","667_30157","0","n","n","n","n","n","n","n","n","n","n","n","n","N","N","N","N","N","N"
"852995","668_10115","0","n","n","n","n","n","n","n","n","n","n","n","y","N","N","N","N","N","N"
"852996","669_10009","0.5","y","y","y","y","y","y","y","y","y","y","y","y","Y","N","N","Y","Y","Y"
"852997","670_30094","0","n","n","n","n","n","n","n","n","n","n","n","n","N","N","N","N","N","N"
"852998","671_10126","0","n","n","n","n","n","n","n","n","n","y","n","y","N","N","N","N","N","N"
"852999","672_50782","0","n","n","n","n","n","n","n","n","n","n","n","n","N","N","N","N","N","N"
"853000","673_30154","0","n","n","n","n","n","n","n","n","n","n","n","n","N","N","N","N","N","N"
"853001","674_10104","0","n","y","y","y","n","y","n","y","n","y","n","y","N","N","N","N","N","N"
"853002","675_10054","0","y","n","n","n","y","n","n","n","n","y","n","y","N","N","N","N","N","N"
"853003","676_50196","0","y","n","y","n","y","n","n","n","y","n","n","y","Y","N","N","N","N","N"
"853004","677_10087","1","y","y","y","y","y","y","y","y","y","y","y","y","Y","N","N","Y","Y","Y"
"853005","678_60064","0.5","y","y","y","y","y","y","y","y","y","y","y","y","Y","N","N","N","N","N"
"853006","679_50535","0","n","n","n","n","n","n","n","n","n","n","n","n","N","N","N","N","N","N"
"853007","680_10044","0","n","n","y","y","n","n","n","n","n","n","n","y","N","N","N","N","N","N"
"853008","681_50905","0","n","n","n","n","n","n","n","n","n","n","n","n","N","N","N","N","N","N"
"853009","682_10106","1","y","y","y","n","y","y","y","y","y","n","y","y","N","N","N","Y","Y","Y"
"853010","683_30120","0","n","n","n","n","n","n","n","n","n","n","n","n","N","N","N","N","N","N"
"853011","684_30214","0","n","n","n","n","n","n","n","n","n","n","n","n","N","N","N","N","N","N"
"853012","685_60033","0","n","n","n","n","n","n","n","n","n","n","n","n","N","N","N","N","N","N"
"853013","686_60054","1","y","y","y","y","y","y","y","y","y","y","n","y","N","N","N","Y","N","N"
"853014","687_50017","0","n","n","y","n","n","y","n","n","n","n","n","n","N","N","N","N","N","N"
"853015","688_50911","0","n","n","n","n","n","n","n","n","n","n","n","n","N","N","N","N","N","N"
"853016","689_50041","0","y","y","n","y","n","y","n","y","n","y","n","y","N","N","N","N","N","N"
"853017","690_50140","1","y","y","y","n","n","y","y","y","n","y","n","y","N","N","N","N","N","N"
"853018","691_50547","0","n","n","n","n","n","n","n","n","n","n","n","n","N","N","N","N","N","N"
"853019","692_30014","0","n","n","n","n","n","n","n","n","n","n","n","n","N","N","N","N","N","N"
"853020","693_50844","0.5","n","y","n","n","n","y","n","n","n","n","n","n","N","N","N","N","N","N"
"853021","694_50811","0","n","n","n","n","n","n","n","n","n","n","n","n","N","N","N","N","N","N"
"853022","695_30183","0","n","n","n","n","n","n","n","n","n","n","n","n","N","N","N","N","N","N"
"853023","696_10150","0","y","y","y","y","y","y","y","y","y","y","y","y","Y","N","N","N","N","N"
"853024","697_20083","0","y","y","y","y","y","y","y","y","y","y","y","y","N","N","N","N","N","N"
"853025","698_10060","0","y","y","y","y","y","y","y","y","y","y","y","y","Y","N","N","N","N","Y"
"853026","699_50182","0","n","n","n","n","n","n","n","n","n","n","n","y","N","N","N","N","N","N"
"853027","700_30012","0","n","n","n","n","n","n","n","n","n","n","n","n","N","N","N","N","N","N"
"853028","701_30137","0","n","n","n","n","n","n","n","n","n","n","n","n","N","N","N","N","N","N"
"853029","702_50817","0","n","n","n","y","n","n","n","n","n","n","n","n","N","N","N","N","N","N"
"853030","703_50493","0","n","n","n","n","y","n","n","n","n","n","n","n","N","N","N","N","N","N"
"853031","704_30011","0","n","n","n","n","n","n","n","n","n","n","n","n","N","N","N","N","N","N"
"853032","705_50097","0","n","y","n","n","n","y","n","n","n","n","n","y","N","N","N","N","N","N"
"853033","706_10082","0","y","y","y","y","y","y","y","y","y","y","y","y","N","N","N","N","N","N"
"853034","707_60022","0.5","y","y","y","y","y","y","y","y","y","y","y","y","Y","N","Y","Y","N","N"
"853035","708_10081","1","y","y","y","y","y","y","y","y","y","y","y","y","Y","Y","Y","Y","Y","Y"
"853036","709_50529","0","n","n","n","n","n","n","n","n","n","n","n","n","N","N","N","N","N","N"
"853037","710_30006","0","n","n","n","n","n","n","n","n","n","n","n","n","N","N","N","N","N","N"
"853038","711_50563","0","n","n","n","n","n","n","n","n","n","n","n","n","N","N","N","N","N","N"
"853039","712_50545","0","n","n","n","n","n","n","n","n","n","n","n","n","N","N","N","N","N","N"
"853040","713_20081","0.5","y","y","y","y","y","y","y","y","y","y","n","y","Y","N","N","Y","Y","Y"
"853041","714_50037","0","n","n","n","n","n","n","n","n","n","n","n","n","N","N","N","N","N","N"
"853042","715_50075","0","n","n","n","n","n","n","n","n","n","n","n","n","N","N","N","N","N","N"
"853043","716_50814","0","n","y","y","n","n","y","n","n","n","y","n","n","N","N","N","N","N","N"
"853044","717_10066","0","y","y","n","y","n","y","y","y","n","y","n","y","N","N","N","N","N","N"
"853045","718_50865","0.5","n","y","y","y","n","y","y","y","n","y","n","y","Y","N","N","N","N","N"
"853046","719_20038","0","y","y","y","y","y","y","y","y","y","y","y","y","N","N","N","N","N","N"
"853047","720_50122","0.5","n","y","n","y","n","y","y","y","n","y","n","y","Y","N","Y","Y","N","N"
"853048","721_30177","0","n","n","n","n","n","n","n","n","n","n","n","n","N","N","N","N","N","N"
"853049","722_30140","0","n","n","n","n","n","n","n","n","n","n","n","n","N","N","N","N","N","N"
"853050","723_60052","0","y","y","y","y","y","y","y","y","y","y","y","y","Y","N","N","N","N","N"
"853051","724_10002","1","y","y","y","y","y","y","y","y","y","y","y","y","Y","Y","N","Y","Y","Y"
"853052","725_10000","1","y","y","y","y","y","y","y","y","y","y","y","y","Y","Y","N","Y","Y","Y"
"853053","726_50053","0","y","n","y","n","y","n","y","n","n","n","n","n","N","N","N","N","N","N"
"853054","727_60029","1","y","y","y","y","y","y","y","y","y","y","y","y","Y","N","N","Y","Y","Y"
"853055","728_50066","0.5","n","y","y","y","n","y","y","y","y","y","n","y","Y","N","N","N","N","N"
"853056","729_30096","0","n","y","n","y","n","n","n","n","n","n","n","n","N","N","N","N","N","N"
"853057","730_10083","1","y","y","y","y","y","y","y","y","y","y","y","y","Y","N","N","Y","Y","Y"
"853058","731_50191","0","n","n","y","y","y","y","n","n","n","n","n","y","Y","N","N","N","N","N"
"853059","732_50521","0","n","n","n","n","n","n","n","n","n","n","n","n","N","N","N","N","N","N"
"853060","733_10100","0.5","n","y","n","n","n","y","y","y","n","y","n","y","N","N","N","N","N","N"
"853061","734_20053","0","n","n","y","n","y","n","n","y","n","n","n","n","N","N","N","N","N","N"
"853062","735_50086","0","n","n","y","n","y","n","y","n","n","n","n","n","N","N","N","N","N","N"
"853063","736_10024","0","n","n","y","n","y","y","y","y","y","n","n","y","Y","N","N","N","N","N"
"853064","737_20055","0.5","n","y","y","n","y","y","y","y","y","n","n","n","N","N","N","N","N","N"
"853065","738_50869","0","n","n","y","n","n","n","n","n","n","n","n","n","N","N","N","N","N","N"
"853066","739_10130","0","y","y","y","y","y","y","y","y","y","n","n","y","Y","N","N","N","N","N"
"853067","740_30174","0","n","n","n","n","n","n","n","n","n","n","n","n","N","N","N","N","N","N"
"853068","741_30148","0","n","n","n","n","n","n","n","n","n","n","n","n","N","N","N","N","N","N"
"853069","742_50788","0","n","n","n","n","n","n","n","n","n","n","n","n","N","N","N","N","N","N"
"853070","743_50027","0","n","n","y","n","n","n","n","n","n","y","n","y","N","N","N","N","N","N"
"853071","744_50036","0","n","n","n","n","n","n","n","n","n","n","n","n","N","N","N","N","N","N"
"853072","745_60060","0.5","n","y","y","y","n","y","y","y","n","y","n","y","Y","N","N","N","Y","Y"
"853073","746_30249","0","n","n","n","n","n","n","n","n","n","n","n","n","N","N","N","N","N","N"
"853074","747_10143","1","y","y","y","y","y","y","y","y","y","y","y","y","Y","Y","Y","Y","Y","Y"
"853075","748_20006","1","y","y","y","y","y","y","y","y","y","y","y","y","Y","Y","N","Y","Y","N"
"853076","749_10019","0","n","n","y","n","y","y","y","y","y","n","y","y","N","N","N","N","N","N"
"853077","750_30008","0","n","n","n","n","n","n","n","n","n","n","n","n","N","N","N","N","N","N"
"853078","751_20049","0.5","n","n","n","n","n","n","n","n","n","n","n","y","N","N","N","N","N","N"
"853079","752_10069","1","y","y","y","y","y","y","y","y","y","y","y","y","Y","Y","N","Y","Y","Y"
"853080","753_50898","0","n","n","n","n","n","n","n","n","n","n","n","n","N","N","N","N","N","N"
"853081","754_10064","0","y","y","y","y","y","y","y","y","y","y","y","y","N","N","N","N","N","N"
"853082","755_30001","0","n","n","n","n","n","n","n","n","n","n","n","n","N","N","N","N","N","N"
"853083","756_10109","0","n","n","n","n","n","n","n","n","n","n","n","n","N","N","N","N","N","N"
"853084","757_50904","0","n","n","n","n","n","n","n","n","n","n","n","n","N","N","N","N","N","N"
"853085","758_20073","0","n","n","n","n","n","n","n","n","n","n","n","n","N","N","N","N","N","N"
"853086","759_20086","0","y","y","y","y","y","y","y","n","y","n","n","y","N","N","N","N","N","N"
"853087","760_30163","0","n","n","n","n","n","n","n","n","n","n","n","n","N","N","N","N","N","N"
"853088","761_30210","0","n","n","n","n","n","n","n","n","n","n","n","n","N","N","N","N","N","N"
"853089","762_50120","0","n","y","y","n","n","n","n","y","y","y","n","n","N","N","N","N","N","N"
"853090","763_50785","0","n","n","n","n","n","n","n","n","n","n","n","n","N","N","N","N","N","N"
"853091","764_30237","0","n","n","n","n","n","n","n","n","n","n","n","n","N","N","N","N","N","N"
"853092","765_50830","0","n","n","n","n","n","n","n","n","n","n","n","n","N","N","N","N","N","N"
"853093","766_60016","0.5","n","n","n","n","n","n","n","n","n","n","n","n","N","N","N","N","N","N"
"853094","767_50010","0","n","n","n","n","n","n","n","n","n","n","n","n","N","N","N","N","N","N"
"853095","768_50162","0","n","n","y","n","n","n","y","n","y","y","n","y","N","N","N","N","N","N"
"853096","769_50842","0","n","n","n","n","n","n","n","n","n","n","n","n","N","N","N","N","N","N"
"853097","770_10041","1","y","y","y","y","y","y","y","y","y","y","n","y","Y","Y","N","Y","Y","Y"
"853098","771_50132","0","n","n","y","n","n","n","n","n","n","n","n","n","N","N","N","N","N","N"
"853099","772_20002","1","y","y","y","y","y","y","y","y","y","y","y","y","Y","Y","N","Y","Y","Y"
"853100","773_50173","0","n","n","y","n","n","n","n","n","y","n","n","n","N","N","N","N","N","N"
"853101","774_30118","0","n","n","n","n","n","n","n","n","n","n","n","n","N","N","N","N","N","N"
"853102","775_30013","0","n","n","n","n","n","n","n","n","n","n","n","n","N","N","N","N","N","N"
"853103","776_10114","0","n","n","n","n","n","n","n","n","n","n","n","y","N","N","N","N","N","N"
"853104","777_50510","0","n","n","n","n","n","n","n","n","n","n","n","n","N","N","N","N","N","N"
"853105","778_10073","0.5","n","y","n","y","n","y","y","y","n","y","y","y","Y","Y","N","Y","N","N"
"853106","779_50046","0","n","n","n","n","n","n","n","n","n","n","n","n","N","N","N","N","N","N"
"853107","780_50800","0.5","n","y","n","y","n","y","y","y","n","n","n","y","N","N","N","N","N","N"
"853108","781_30108","0","n","n","n","n","n","n","n","n","n","n","n","n","N","N","N","N","N","N"
"853109","782_20018","0","n","n","y","y","n","n","n","y","y","n","n","y","N","N","N","N","N","N"
"853110","783_50103","0","n","n","y","n","n","n","y","n","y","n","n","n","N","N","N","N","N","N"
"853111","784_50554","0","n","n","n","n","n","n","n","n","n","n","n","n","N","N","N","N","N","N"
"853112","785_10137","0","n","y","y","n","y","y","y","y","n","n","n","y","N","N","N","N","N","N"
"853113","786_20004","0.5","y","y","y","y","y","y","y","y","y","y","y","y","Y","N","N","Y","Y","Y"
"853114","787_20032","1","y","y","y","y","n","y","y","y","y","y","n","y","Y","N","N","N","N","N"
"853115","788_60042","0.5","n","n","n","n","n","n","y","y","n","y","y","y","N","N","N","N","N","N"
"853116","789_50080","0","n","n","n","n","n","n","n","n","n","n","n","n","N","N","N","N","N","N"
"853117","790_60059","0","n","n","n","n","n","n","n","n","n","n","n","n","N","N","N","N","N","N"
"853118","791_50074","0","y","n","y","y","n","n","n","y","n","y","n","y","N","N","N","N","N","N"
"853119","792_30057","0","n","y","n","n","n","n","n","n","n","y","n","n","Y","N","N","N","N","N"
"853120","793_50544","0","n","n","n","n","n","n","n","n","n","n","n","n","N","N","N","N","N","N"
"853121","794_50819","0","n","n","n","n","n","n","y","y","n","n","n","n","N","N","N","N","N","N"
"853122","795_30247","0","n","n","n","n","n","n","n","n","n","n","n","n","N","N","N","N","N","N"
"853123","796_30225","0","n","n","n","n","n","n","n","n","n","n","n","n","N","N","N","N","N","N"
"853124","797_50178","0.5","n","n","n","n","n","y","n","y","n","y","n","n","N","N","N","N","N","N"
"853125","798_50778","0","n","n","n","n","n","n","n","n","n","n","n","n","N","N","N","N","N","N"
"853126","799_50914","0","n","n","n","n","n","n","n","n","n","n","n","n","N","N","N","N","N","N"
"853127","800_10094","0","y","y","y","y","y","y","y","y","y","y","y","y","N","N","N","N","N","N"
"853128","801_50550","0","n","n","n","n","n","n","n","n","n","n","n","n","N","N","N","N","N","N"
"853129","802_50070","0","n","n","n","n","n","n","n","n","n","y","n","n","N","N","N","N","N","N"
"853130","803_50512","0","n","n","n","n","n","n","n","n","n","n","n","y","N","N","N","N","N","N"
"853131","804_50001","0","y","y","y","y","n","y","y","y","y","y","n","y","Y","N","N","N","N","N"
"853132","805_50057","0","n","n","y","n","n","n","n","n","n","n","n","n","N","N","N","N","N","N"
"853133","806_50551","0","n","n","n","n","n","n","n","n","n","n","n","n","N","N","N","N","N","N"
"853134","807_50112","0","n","n","n","n","n","n","n","n","n","n","n","n","N","N","N","N","N","N"
"853135","808_20000","1","y","y","y","y","y","y","y","y","y","y","n","y","Y","Y","N","Y","Y","Y"
"853136","809_10062","1","y","y","y","y","y","y","y","y","y","y","y","y","Y","Y","N","Y","Y","Y"
"853137","810_30090","0","n","n","n","n","n","n","n","n","n","n","n","n","N","N","N","N","N","N"
"853138","811_60013","0.5","y","y","y","y","y","y","y","y","y","y","y","y","Y","N","N","Y","N","N"
"853139","812_10105","0","n","n","n","n","n","n","n","n","n","n","n","n","N","N","N","N","N","N"
"853140","813_30129","0","n","n","n","n","n","n","n","n","n","n","n","y","N","N","N","N","N","N"
"853141","814_30021","0","n","n","n","n","n","n","n","n","n","n","n","n","N","N","N","N","N","N"
"853142","815_20030","0","n","n","n","y","n","n","n","n","n","n","n","n","N","N","N","N","N","N"
"853143","816_30084","0","n","n","n","n","n","n","n","n","n","n","n","n","N","N","N","N","N","N"
"853144","817_50912","0","n","n","n","n","n","n","n","n","n","y","n","n","N","N","N","N","N","N"
"853145","818_50877","0","n","n","n","n","n","n","n","n","n","n","n","n","N","N","N","N","N","N"
"853146","819_10007","0.5","y","y","y","y","y","y","y","y","y","y","y","y","Y","N","N","Y","Y","Y"
"853147","820_50792","0","n","n","n","n","n","n","n","n","n","n","n","n","N","N","N","N","N","N"
"853148","821_20041","1","y","y","y","y","y","y","y","y","y","y","y","y","Y","Y","Y","Y","Y","Y"
"853149","822_60006","1","y","y","y","y","y","y","y","y","y","y","n","y","Y","Y","N","Y","Y","Y"
"853150","823_50540","0","n","n","n","n","n","n","n","n","n","n","n","y","N","N","N","N","N","N"
"853151","824_30035","0","n","n","n","n","n","n","n","n","n","n","n","n","N","N","N","N","N","N"
"853152","825_50925","0","n","n","n","n","n","n","n","n","n","n","n","n","N","N","N","N","N","N"
"853153","826_50042","0","y","y","y","y","y","y","y","n","n","y","y","y","Y","N","N","N","N","N"
"853154","827_50048","0","n","n","n","n","n","n","n","n","n","n","n","n","N","N","N","N","N","N"
"853155","828_50860","0","n","n","n","n","n","n","n","n","n","n","n","n","N","N","N","N","N","N"
"853156","829_60057","0","y","y","y","y","y","y","y","y","n","y","n","y","Y","N","N","N","N","Y"
"853157","830_50803","0","n","n","n","n","n","n","n","n","n","n","n","n","N","N","N","N","N","N"
"853158","831_50852","0.5","y","y","y","n","n","y","n","y","n","n","n","y","N","N","N","N","N","N"
"853159","832_50791","0","n","n","n","n","n","n","n","n","n","n","n","n","N","N","N","N","N","N"
"853160","833_50168","0","y","y","n","n","n","n","y","y","n","n","n","y","N","N","N","N","N","N"
"853161","834_30151","0","n","n","n","n","n","n","n","n","n","n","n","n","N","N","N","N","N","N"
"853162","835_30224","0","n","n","n","n","n","n","n","n","n","n","n","n","N","N","N","N","N","N"
"853163","836_50116","0.5","y","y","n","y","n","y","y","y","n","y","n","y","Y","Y","N","Y","N","Y"
"853164","837_60071","1","y","y","y","y","y","y","y","y","y","y","y","y","Y","N","N","Y","Y","Y"
"853165","838_50061","1","y","y","y","n","n","n","y","y","n","n","n","y","N","N","N","N","N","N"
"853166","839_30052","0","n","n","n","n","n","n","n","n","n","n","n","n","N","N","N","N","N","N"
"853167","840_50128","1","y","y","y","y","y","y","y","y","y","y","y","y","Y","Y","N","Y","Y","Y"
"853168","841_10111","0","y","y","y","y","y","n","y","n","y","y","y","y","N","N","N","N","N","N"
"853169","842_30093","0","n","n","n","n","n","n","n","n","n","n","n","n","N","N","N","N","N","N"
"853170","843_50880","0","n","n","y","y","n","n","y","n","n","n","n","n","N","N","N","N","N","N"
"853171","844_20029","0","n","n","n","n","n","n","n","n","n","y","y","n","N","N","N","N","N","N"
"853172","845_60031","1","y","y","y","y","y","y","y","y","y","y","y","y","Y","N","N","Y","Y","Y"
"853173","846_60077","0","n","y","y","y","y","y","y","y","y","y","y","y","Y","N","N","N","N","N"
"853174","847_50864","0","n","n","n","n","n","n","n","n","n","n","n","n","N","N","N","N","N","N"
"853175","848_50921","0","n","n","n","n","n","n","n","n","n","n","n","n","N","N","N","N","N","N"
"853176","849_20044","1","y","y","y","y","y","y","y","y","y","y","n","y","Y","Y","N","Y","Y","Y"
"853177","850_20021","0","y","n","y","y","n","n","y","n","n","y","n","n","Y","Y","N","N","N","N"
"853178","851_30031","0","n","n","n","n","n","n","n","n","n","n","n","n","N","N","N","N","N","N"
"853179","852_30162","0","n","n","n","n","n","n","n","n","n","n","n","n","N","N","N","N","N","N"
"853180","853_50787","0","n","n","n","n","n","n","n","n","n","n","n","n","N","N","N","N","N","N"
"853181","854_50139","0.5","n","y","n","n","n","n","n","y","n","n","n","y","N","N","N","N","N","N"
"853182","855_30159","0","n","n","n","n","n","n","n","n","n","n","n","n","N","N","N","N","N","N"
"853183","856_10097","0","y","y","y","y","y","y","y","y","y","y","n","y","Y","N","N","N","N","N"
"853184","857_30039","0","n","n","n","n","n","n","n","n","n","n","n","n","N","N","N","N","N","N"
"853185","858_50871","0","n","n","n","n","n","n","n","n","n","n","n","n","N","N","N","N","N","N"
"853186","859_50161","0","n","n","y","n","n","n","n","n","n","n","n","n","N","N","N","N","N","N"
"853187","860_50084","0","n","n","n","n","n","n","n","n","n","n","n","n","N","N","N","N","N","N"
"853188","861_30127","0","n","n","n","n","y","n","n","n","n","n","n","n","N","N","N","N","N","N"
"853189","862_10046","1","y","y","y","y","y","y","y","y","y","y","y","y","Y","N","N","Y","Y","Y"
"853190","863_50546","0","n","n","n","n","n","n","n","n","n","n","n","n","N","N","N","N","N","N"
"853191","864_30053","0","n","n","n","n","n","n","n","n","n","n","n","n","N","N","N","N","N","N"
"853192","865_30201","0","n","n","n","n","n","n","n","n","n","n","n","n","N","N","N","N","N","N"
"853193","866_30209","0","n","n","n","n","n","n","n","n","n","n","n","n","N","N","N","N","N","N"
"853194","867_30199","0","n","n","n","n","n","n","n","n","n","n","n","n","N","N","N","N","N","N"
"853195","868_60028","1","y","y","y","y","y","y","y","y","y","y","y","y","Y","N","N","Y","Y","Y"
"853196","869_50802","0","n","n","n","n","y","n","n","n","n","n","n","n","N","N","N","N","N","N"
"853197","870_30087","0","n","n","n","n","n","n","n","n","n","n","n","n","N","N","N","N","N","N"
"853198","871_10015","1","y","y","y","y","y","y","y","y","y","y","n","y","Y","Y","N","Y","Y","Y"
"853199","872_30121","0","n","n","n","n","n","n","n","n","n","n","n","n","N","N","N","N","N","N"
"853200","873_30217","0","n","n","n","n","n","n","n","n","n","n","n","n","N","N","N","N","N","N"
"853201","874_50775","0","n","n","n","n","n","n","n","n","n","n","n","n","N","N","N","N","N","N"
"853202","875_50198","0","n","n","y","n","n","n","n","n","n","n","n","n","N","N","N","N","N","N"
"853203","876_20050","0.5","n","n","n","n","n","n","n","n","n","n","n","n","N","N","N","N","N","N"
"853204","877_10012","1","y","y","y","y","y","y","y","y","y","y","y","y","Y","N","N","Y","Y","Y"
"853205","878_10133","0","n","y","n","y","n","y","y","y","y","y","n","y","N","N","N","N","N","N"
"853206","879_10016","0","y","y","y","y","y","y","y","y","y","y","n","y","Y","N","N","N","N","N"
"853207","880_30102","0","n","n","n","n","n","n","n","n","n","n","n","n","N","N","N","N","N","N"
"853208","881_10085","1","y","y","y","y","y","y","y","y","y","y","y","y","Y","Y","N","Y","Y","Y"
"853209","882_20066","1","y","y","y","y","y","y","y","y","y","y","y","y","Y","Y","Y","Y","Y","Y"
"853210","883_50824","0","n","n","n","n","n","n","n","n","n","n","n","n","N","N","N","N","N","N"
"853211","884_30016","0","n","n","n","n","n","n","n","n","n","n","n","n","N","N","N","N","N","N"
"853212","885_10086","0.5","y","y","y","y","y","y","y","y","y","y","n","y","Y","N","N","N","N","N"
"853213","886_30054","0","n","n","n","n","n","n","n","n","n","n","n","n","N","N","N","N","N","N"
"853214","887_20082","0.5","y","y","y","y","y","y","y","y","y","y","n","y","N","N","N","N","N","N"
"853215","888_60036","0","n","n","n","n","n","n","n","n","n","n","n","n","N","N","N","N","N","N"
"853216","889_30101","0","n","n","n","n","n","n","n","n","n","n","n","n","N","N","N","N","N","N"
"853217","890_50491","0","n","n","n","n","n","n","n","n","n","n","n","n","N","N","N","N","N","N"
"853218","891_30007","0","n","n","n","n","n","n","n","n","n","n","n","n","N","N","N","N","N","N"
"853219","892_50868","0","n","n","n","n","n","n","n","n","n","n","n","n","N","N","N","N","N","N"
"853220","893_30089","0","n","n","n","n","n","n","n","n","n","n","n","n","N","N","N","N","N","N"
"853221","894_50038","0","n","n","n","n","n","n","n","n","n","n","n","n","N","N","N","N","N","N"
"853222","895_50490","0","n","n","n","n","n","n","n","n","n","n","n","n","N","N","N","N","N","N"
"853223","896_50069","0","n","y","y","y","n","y","y","y","n","y","n","y","Y","Y","N","Y","N","N"
"853224","897_50553","0","n","n","n","n","n","n","n","n","n","n","n","n","N","N","N","N","N","N"
"853225","898_50052","0","n","n","n","n","n","n","n","n","n","n","n","n","N","N","N","N","N","N"
"853226","899_50532","0","n","n","y","n","n","n","n","n","n","n","n","y","N","N","N","N","N","N"
"853227","900_30126","0","n","n","n","n","n","n","n","n","n","n","n","n","N","N","N","N","N","N"
"853228","901_60070","0.5","y","y","y","y","y","y","y","y","y","y","y","y","Y","N","N","Y","N","N"
